Player,matched_name,match_status,Stamina,Pace,Acceleration,Work Rate,source_url
Max Aarons,Max Aarons FM26 Profile,partial,140,140,140,150,https://fmplayer.net/fm-26/max-aarons-29173977
Rodrigo Abajas,Ro Abajas FM26 Profile,first_result,130,120,130,130,https://fmplayer.net/fm-26/ro-abajas-2000217243
Keyliane Abdallah,Keyliane Abdallah FM26 Profile,partial,80,130,130,70,https://fmplayer.net/fm-26/keyliane-abdallah-2000292795
Yunis Abdelhamid,Yunis Abdelhamid FM26 Profile,partial,110,100,100,130,https://fmplayer.net/fm-26/yunis-abdelhamid-85122308
Mohamed Abdelmoneim,Basem Abdelmoneim FM26 Profile,first_result,60,110,140,100,https://fmplayer.net/fm-26/basem-abdelmoneim-2000336127
Saud Abdulhamid,Saud Abdulhamid FM26 Profile,partial,150,150,150,150,https://fmplayer.net/fm-26/saud-abdulhamid-2000042460
Abel,Abel Luciatti FM26 Profile,partial,130,120,130,130,https://fmplayer.net/fm-26/abel-luciatti-14043351
Nabil Aberdin,Nabil Aberdin FM26 Profile,partial,130,120,110,120,https://fmplayer.net/fm-26/nabil-aberdin-2000211857
Oliver Abildgaard,Oliver Abildgaard FM26 Profile,partial,140,110,110,150,https://fmplayer.net/fm-26/oliver-abildgaard-27093157
Matthis Abline,Matthis Abline FM26 Profile,partial,130,160,160,130,https://fmplayer.net/fm-26/matthis-abline-49056366
Abner,Abner Vinicius FM26 Profile,partial,150,150,150,140,https://fmplayer.net/fm-26/abner-vinicius-19386116
Abdel Abqar,Abdelkabir Abqar FM26 Profile,first_result,150,140,120,150,https://fmplayer.net/fm-26/abdelkabir-abqar-67257704
Tammy Abraham,Tammy Abraham FM26 Profile,partial,130,140,130,140,https://fmplayer.net/fm-26/tammy-abraham-28097985
Federico Accornero,Federico Accornero FM26 Profile,partial,110,120,120,120,https://fmplayer.net/fm-26/federico-accornero-2000024038
Francesco Acerbi,Francesco Acerbi FM26 Profile,partial,150,100,100,190,https://fmplayer.net/fm-26/francesco-acerbi-43017499
Joshua Acheampong,Frank Acheampong FM26 Profile,first_result,100,160,160,110,https://fmplayer.net/fm-26/frank-acheampong-13107111
Akor Adams,Akor Adams FM26 Profile,partial,140,160,140,130,https://fmplayer.net/fm-26/akor-adams-53167062
Che Adams,Denis Che Che FM26 Profile,first_result,110,130,130,80,https://fmplayer.net/fm-26/denis-che-che-2000356657
Tyler Adams,Tyler Adams FM26 Profile,partial,170,130,140,180,https://fmplayer.net/fm-26/tyler-adams-72044918
Junior Adamu,Junior Adamu FM26 Profile,partial,160,140,150,160,https://fmplayer.net/fm-26/junior-adamu-16202374
Tosin Adarabioyo,Tosin Adarabioyo FM26 Profile,partial,140,140,140,130,https://fmplayer.net/fm-26/tosin-adarabioyo-28100239
Martin Adeline,Martin Adeline FM26 Profile,partial,130,120,110,130,https://fmplayer.net/fm-26/martin-adeline-2000024505
Yacine Adli,Yacine Adli FM26 Profile,partial,130,120,110,150,https://fmplayer.net/fm-26/yacine-adli-48044568
Adryelson,Adryelson FM26 Profile,partial,130,130,120,140,https://fmplayer.net/fm-26/adryelson-19250021
Michel Aebischer,Michel Aebischer FM26 Profile,partial,150,130,120,130,https://fmplayer.net/fm-26/michel-aebischer-98040986
Emmanuel Agbadou,Emmanuel Agbadou FM26 Profile,partial,130,140,130,140,https://fmplayer.net/fm-26/emmanuel-agbadou-12078577
Asher Agbinone,Asher Agbinone FM26 Profile,partial,100,130,140,90,https://fmplayer.net/fm-26/asher-agbinone-2000216065
Lucien Agoume,Lucien Agoumé FM26 Profile,first_result,160,140,130,160,https://fmplayer.net/fm-26/lucien-agoume-49048461
Felix Agu,Felix Agu FM26 Profile,partial,130,160,140,150,https://fmplayer.net/fm-26/felix-agu-92098106
Álvaro Aguado,Álvaro Aguado FM26 Profile,partial,140,130,120,150,https://fmplayer.net/fm-26/alvaro-aguado-67245476
Lorenzo Aguado,Álvaro Aguado FM26 Profile,first_result,140,130,120,150,https://fmplayer.net/fm-26/alvaro-aguado-67245476
Nayef Aguerd,Nayef Aguerd FM26 Profile,partial,140,140,130,130,https://fmplayer.net/fm-26/nayef-aguerd-13199286
Jean-Eudes Aholou,Roger Aholou FM26 Profile,first_result,160,120,120,140,https://fmplayer.net/fm-26/roger-aholou-12077808
Joseph Aidoo,Joseph Aidoo FM26 Profile,partial,140,140,130,140,https://fmplayer.net/fm-26/joseph-aidoo-13158416
Ola Aina,Ola Aina FM26 Profile,partial,140,170,180,150,https://fmplayer.net/fm-26/ola-aina-28090452
Rayan Aït-Nouri,Rayan Aït Amer FM26 Profile,first_result,70,140,140,80,https://fmplayer.net/fm-26/rayan-ait-amer-2000399385
Junior Ajayi,Junior Ajayi FM26 Profile,partial,60,150,150,100,https://fmplayer.net/fm-26/junior-ajayi-13162729
Kristoffer Ajer,Kristoffer Ajer FM26 Profile,partial,140,130,130,150,https://fmplayer.net/fm-26/kristoffer-ajer-53110135
Ludovic Ajorque,Ludovic Ajorque FM26 Profile,partial,140,120,110,160,https://fmplayer.net/fm-26/ludovic-ajorque-85103818
Manuel Akanji,Manuel Akanji FM26 Profile,partial,150,150,140,130,https://fmplayer.net/fm-26/manuel-akanji-98031331
Ümit Akdag,Ümit Akdağ FM26 Profile,first_result,120,120,110,130,https://fmplayer.net/fm-26/umit-akdag-2000204335
Nathan Aké,Nathan Aké FM26 Profile,partial,150,150,150,160,https://fmplayer.net/fm-26/nathan-ake-37025551
Sergio Akieme,Sergio Akieme FM26 Profile,partial,150,150,150,140,https://fmplayer.net/fm-26/sergio-akieme-67213135
Paul Akouokou,Paul Akouokou FM26 Profile,partial,150,140,130,140,https://fmplayer.net/fm-26/paul-akouokou-33066648
Clément Akpa,Clément Akpa FM26 Profile,partial,130,130,130,140,https://fmplayer.net/fm-26/clement-akpa-49055780
Jean-Daniel Akpa-Akpro,Clément Akpa FM26 Profile,first_result,130,130,130,140,https://fmplayer.net/fm-26/clement-akpa-49055780
Kevin Akpoguma,Kevin Akpoguma FM26 Profile,partial,130,150,130,160,https://fmplayer.net/fm-26/kevin-akpoguma-91109389
Chuba Akpom,Chuba Akpom FM26 Profile,partial,140,160,170,140,https://fmplayer.net/fm-26/chuba-akpom-28084927
David Alaba,David Alaba FM26 Profile,partial,140,140,140,140,https://fmplayer.net/fm-26/david-alaba-16010162
Ibrahim Alani,Gabriel Alanís FM26 Profile,first_result,130,150,140,140,https://fmplayer.net/fm-26/gabriel-alanis-14046870
Andreas Albers,Karl Albers FM26 Profile,first_result,10,120,90,60,https://fmplayer.net/fm-26/karl-albers-2000108151
Raúl Albiol,Raúl Albiol FM26 Profile,partial,100,70,60,160,https://fmplayer.net/fm-26/raul-albiol-7452450
Carlos Alcaraz,Carlos Alcaraz FM26 Profile,partial,130,130,130,140,https://fmplayer.net/fm-26/carlos-alcaraz-14238164
Omar Alderete,Omar Alderete FM26 Profile,partial,140,130,110,140,https://fmplayer.net/fm-26/omar-alderete-79027217
Trent Alexander-Arnold,Trent Alexander FM26 Profile,first_result,90,90,120,130,https://fmplayer.net/fm-26/trent-alexander-2000475024
Tadeo Allende,Tadeo Allende FM26 Profile,partial,130,140,130,140,https://fmplayer.net/fm-26/tadeo-allende-2000091490
Jim Allevinah,Jim Allevinah FM26 Profile,partial,130,140,150,120,https://fmplayer.net/fm-26/jim-allevinah-50039251
Dele Alli,Dele Alli FM26 Profile,partial,80,90,90,70,https://fmplayer.net/fm-26/dele-alli-29085579
Miguel Almirón,Miguel Almirón FM26 Profile,partial,150,170,160,200,https://fmplayer.net/fm-26/miguel-almiron-79024232
Marcos Alonso,Marcos Alonso FM26 Profile,partial,130,120,120,140,https://fmplayer.net/fm-26/marcos-alonso-67080310
Giorgio Altare,Giorgio Altare FM26 Profile,partial,150,110,110,140,https://fmplayer.net/fm-26/giorgio-altare-43206161
Sergi Altimira,Sergi Altimira FM26 Profile,partial,170,110,120,150,https://fmplayer.net/fm-26/sergi-altimira-2000116169
Olabade Aluko,Bade Aluko FM26 Profile,first_result,150,130,110,140,https://fmplayer.net/fm-26/bade-aluko-2000261216
Edson Álvarez,Edson Álvarez FM26 Profile,partial,160,120,120,160,https://fmplayer.net/fm-26/edson-alvarez-51054011
Julián Álvarez,Julián Álvarez FM26 Profile,partial,160,140,160,160,https://fmplayer.net/fm-26/julian-alvarez-14183207
Yeray Álvarez,Yeray FM26 Profile,first_result,130,130,130,140,https://fmplayer.net/fm-26/yeray-67192475
Skelly Alvero,Skelly Alvero FM26 Profile,partial,140,120,120,150,https://fmplayer.net/fm-26/skelly-alvero-49054583
Will Alves,Matheus Alves FM26 Profile,first_result,110,120,130,130,https://fmplayer.net/fm-26/matheus-alves-2000206434
Selim Amallah,Selim Amallah FM26 Profile,partial,140,130,130,120,https://fmplayer.net/fm-26/selim-amallah-18089862
Harry Amass,Harry Amass FM26 Profile,partial,130,130,140,130,https://fmplayer.net/fm-26/harry-amass-2000280807
Jordan Amavi,Jordan Amavi FM26 Profile,partial,130,130,130,140,https://fmplayer.net/fm-26/jordan-amavi-85126966
Aurele Amenda,Aurèle Amenda FM26 Profile,first_result,120,140,120,130,https://fmplayer.net/fm-26/aurele-amenda-84161623
Kelvin Amian,Kelvin Amian FM26 Profile,partial,140,130,130,130,https://fmplayer.net/fm-26/kelvin-amian-48031443
Michael Amir Murillo,Amir Murillo FM26 Profile,first_result,140,150,140,140,https://fmplayer.net/fm-26/amir-murillo-80028885
Nadiem Amiri,Nadiem Amiri FM26 Profile,partial,150,120,120,170,https://fmplayer.net/fm-26/nadiem-amiri-91143491
Mathis Amougou,Mathis Amougou FM26 Profile,partial,120,110,120,120,https://fmplayer.net/fm-26/mathis-amougou-2000200565
Mohamed Amoura,Mohamed Amoura FM26 Profile,partial,150,170,180,150,https://fmplayer.net/fm-26/mohamed-amoura-2000069643
Sofyan Amrabat,Sofyan Amrabat FM26 Profile,partial,150,120,110,140,https://fmplayer.net/fm-26/sofyan-amrabat-37045879
Joachim Andersen,Joachim Andersen FM26 Profile,partial,130,120,130,120,https://fmplayer.net/fm-26/joachim-andersen-27069975
Elliot Anderson,Elliot Anderson FM26 Profile,partial,140,120,140,170,https://fmplayer.net/fm-26/elliot-anderson-28127254
André,Marc-André ter Stegen FM26 Profile,partial,130,110,130,100,https://fmplayer.net/fm-26/marc-andre-ter-stegen-35017428
Benjamin André,Benjamin André FM26 Profile,partial,160,130,140,140,https://fmplayer.net/fm-26/benjamin-andre-85028361
Marcos André,Marcos André FM26 Profile,partial,130,140,130,130,https://fmplayer.net/fm-26/marcos-andre-19270874
Angeliño,Angeliño FM26 Profile,partial,160,140,150,170,https://fmplayer.net/fm-26/angelino-28095342
Lorenzo Anghelè,Lorenzo Anghelé FM26 Profile,first_result,110,110,120,110,https://fmplayer.net/fm-26/lorenzo-anghele-2000098304
Faustino Anjorin,Faustino Anjorin FM26 Profile,partial,120,130,140,120,https://fmplayer.net/fm-26/faustino-anjorin-28121366
Waldemar Anton,Waldemar Anton FM26 Profile,partial,150,140,120,170,https://fmplayer.net/fm-26/waldemar-anton-91137493
Leandro Antonetti,Leandro Antonetti FM26 Profile,partial,70,130,120,110,https://fmplayer.net/fm-26/leandro-antonetti-2000202080
Michail Antonio,Michail Antonio FM26 Profile,partial,130,140,140,140,https://fmplayer.net/fm-26/michail-antonio-28036815
Dennis Appiah,Dennis Appiah FM26 Profile,partial,140,130,130,130,https://fmplayer.net/fm-26/dennis-appiah-85010865
Aritz Arambarri,Aritz Arambarri FM26 Profile,partial,140,130,120,130,https://fmplayer.net/fm-26/aritz-arambarri-67246389
Mauro Arambarri,Mauro Arambarri FM26 Profile,partial,160,140,140,160,https://fmplayer.net/fm-26/mauro-arambarri-78064881
Jon Aramburu,Jon Aramburu FM26 Profile,partial,150,130,140,180,https://fmplayer.net/fm-26/jon-aramburu-86080170
Julian Araujo,Julián Araujo FM26 Profile,first_result,150,150,140,150,https://fmplayer.net/fm-26/julian-araujo-72053642
Ronald Araújo,Ronald Araujo FM26 Profile,first_result,150,160,140,170,https://fmplayer.net/fm-26/ronald-araujo-78085068
Cameron Archer,Cameron Archer FM26 Profile,partial,120,160,160,140,https://fmplayer.net/fm-26/cameron-archer-29219088
Carlens Arcus,Carlens Arcus FM26 Profile,partial,150,150,140,140,https://fmplayer.net/fm-26/carlens-arcus-19165169
Adu Ares,Adu Ares FM26 Profile,partial,120,140,150,120,https://fmplayer.net/fm-26/adu-ares-2000105641
Jesús Areso,Jesús Areso FM26 Profile,partial,160,140,140,150,https://fmplayer.net/fm-26/jesus-areso-67256097
David Argüelles,David Argüelles FM26 Profile,partial,80,130,120,60,https://fmplayer.net/fm-26/david-arguelles-67288501
Harrison Armstrong,Harrison Armstrong FM26 Profile,partial,120,140,130,130,https://fmplayer.net/fm-26/harrison-armstrong-2000288697
Marko Arnautović,Marko Arnautović FM26 Profile,partial,120,120,110,130,https://fmplayer.net/fm-26/marko-arnautovic-37003555
Maximilian Arnold,Maximilian Arnold FM26 Profile,partial,170,120,120,170,https://fmplayer.net/fm-26/maximilian-arnold-91100466
Sergio Arribas,Sergio Arribas FM26 Profile,partial,120,140,150,120,https://fmplayer.net/fm-26/sergio-arribas-67277465
Arthur,Arthur Theate FM26 Profile,partial,130,130,130,180,https://fmplayer.net/fm-26/arthur-theate-18105815
Raúl Asencio,Raúl Asencio FM26 Profile,partial,140,140,140,160,https://fmplayer.net/fm-26/raul-asencio-2000126407
Marco Asensio,Marco Asensio FM26 Profile,partial,140,130,140,140,https://fmplayer.net/fm-26/marco-asensio-67197125
Kristjan Asllani,Kristjan Asllani FM26 Profile,partial,160,130,130,110,https://fmplayer.net/fm-26/kristjan-asllani-43424567
Valentin Atangana Edoa,Valentin Atangana FM26 Profile,first_result,150,100,130,150,https://fmplayer.net/fm-26/valentin-atangana-2000130972
Tommaso Augello,Tommaso Augello FM26 Profile,partial,150,140,130,170,https://fmplayer.net/fm-26/tommaso-augello-43096264
Carlos Augusto,Carlos Augusto FM26 Profile,partial,140,150,150,150,https://fmplayer.net/fm-26/carlos-augusto-19350649
Yann Aurel Bisseck,Yann Aurel Bisseck FM26 Profile,partial,130,140,130,150,https://fmplayer.net/fm-26/yann-aurel-bisseck-91175868
Ezequiel Ávila,Ezequiel Ávila FM26 Profile,partial,100,130,130,160,https://fmplayer.net/fm-26/ezequiel-avila-14027117
Taiwo Awoniyi,Taiwo Awoniyi FM26 Profile,partial,130,150,160,130,https://fmplayer.net/fm-26/taiwo-awoniyi-13136629
Yasin Ayari,Yasin Ayari FM26 Profile,partial,140,130,150,150,https://fmplayer.net/fm-26/yasin-ayari-93142470
Florian Ayé,Florian Ayé FM26 Profile,partial,140,140,140,140,https://fmplayer.net/fm-26/florian-aye-85116733
André Ayew,André Ayew FM26 Profile,partial,100,90,90,140,https://fmplayer.net/fm-26/andre-ayew-8442448
Neil El Aynaoui,Neil El Aynaoui FM26 Profile,partial,140,130,120,150,https://fmplayer.net/fm-26/neil-el-aynaoui-49045412
Ayman Azhil,Ayman Azhil FM26 Profile,partial,150,110,120,150,https://fmplayer.net/fm-26/ayman-azhil-92096837
Adam Aznou,Adam Aznou FM26 Profile,partial,130,140,150,130,https://fmplayer.net/fm-26/adam-aznou-2000191507
César Azpilicueta,César Azpilicueta FM26 Profile,partial,120,110,130,160,https://fmplayer.net/fm-26/cesar-azpilicueta-67033300
Paulo Azzi,Paulo Azzi FM26 Profile,partial,140,140,150,130,https://fmplayer.net/fm-26/paulo-azzi-19219300
Oussama El Azzouzi,Oussama El Azzouzi FM26 Profile,partial,130,130,130,130,https://fmplayer.net/fm-26/oussama-el-azzouzi-37076232
Papa Ba,Papa Bacary Sy FM26 Profile,partial,130,120,130,120,https://fmplayer.net/fm-26/papa-bacary-sy-2000429770
Jacopo Bacci,Jacopo Bacci FM26 Profile,partial,130,120,130,100,https://fmplayer.net/fm-26/jacopo-bacci-2000101147
Loïc Bade,Loïc Badé FM26 Profile,first_result,130,150,140,160,https://fmplayer.net/fm-26/loic-bade-49039789
Milan Badelj,Juraj Badelj FM26 Profile,first_result,130,130,130,130,https://fmplayer.net/fm-26/juraj-badelj-2000227111
Benoît Badiashile,,not_found,,,,,
Juma Bah,Juma Bah FM26 Profile,partial,150,150,140,130,https://fmplayer.net/fm-26/juma-bah-2000399711
Eric Bailly,Éric Bailly FM26 Profile,first_result,150,140,130,120,https://fmplayer.net/fm-26/eric-bailly-67191910
Theo Bair,Theo Bair FM26 Profile,partial,130,140,120,120,https://fmplayer.net/fm-26/theo-bair-72051708
Cédric Bakambu,Cédric Bakambu FM26 Profile,partial,120,130,140,140,https://fmplayer.net/fm-26/cedric-bakambu-34009930
Mitchel Bakker,,not_found,,,,,
Alejandro Balde,Alejandro Balde FM26 Profile,partial,150,170,170,140,https://fmplayer.net/fm-26/alejandro-balde-67296654
Keita Baldé,Keita Baldé FM26 Profile,partial,120,140,150,120,https://fmplayer.net/fm-26/keita-balde-43093942
Carlos Baleba,Carlos Baleba FM26 Profile,partial,160,150,140,140,https://fmplayer.net/fm-26/carlos-baleba-2000166563
Leonardo Balerdi,Leonardo Balerdi FM26 Profile,partial,120,130,130,120,https://fmplayer.net/fm-26/leonardo-balerdi-14196664
Iván Balliu,Iván Balliu FM26 Profile,partial,140,120,130,150,https://fmplayer.net/fm-26/ivan-balliu-67053461
Botond Balogh,Botond Balogh FM26 Profile,partial,150,130,130,140,https://fmplayer.net/fm-26/botond-balogh-38059041
Folarin Balogun,Folarin Balogun FM26 Profile,partial,130,150,160,130,https://fmplayer.net/fm-26/folarin-balogun-28116305
Abdoulaye Bamba,Abdoulaye Bamba FM26 Profile,partial,130,130,130,140,https://fmplayer.net/fm-26/abdoulaye-bamba-43013866
Mohamed Bamba,Mohamed Bamba FM26 Profile,partial,120,140,140,140,https://fmplayer.net/fm-26/mohamed-bamba-12078881
Daniel Bandeira,Bandeira FM26 Profile,first_result,130,130,130,110,https://fmplayer.net/fm-26/bandeira-43390109
Mattia Bani,Mattia Bani FM26 Profile,partial,130,130,110,130,https://fmplayer.net/fm-26/mattia-bani-43091093
Noahkai Banks,Noahkai Banks FM26 Profile,partial,110,140,130,130,https://fmplayer.net/fm-26/noahkai-banks-2000311773
Adrian Baquerin,Adrián Spörle FM26 Profile,first_result,150,120,140,120,https://fmplayer.net/fm-26/adrian-sporle-14101648
Antonín Barák,Antonín Barák FM26 Profile,partial,90,120,90,90,https://fmplayer.net/fm-26/antonin-barak-25040431
Federico Barba,Federico Barba FM26 Profile,partial,130,120,130,130,https://fmplayer.net/fm-26/federico-barba-43067335
Bradley Barcola,Bradley Barcola FM26 Profile,partial,120,170,170,140,https://fmplayer.net/fm-26/bradley-barcola-49056282
Nicolò Barella,Nicolò Barella FM26 Profile,partial,170,140,150,180,https://fmplayer.net/fm-26/nicolo-barella-43139595
Borna Barišić,Borna Barišić FM26 Profile,partial,130,120,120,100,https://fmplayer.net/fm-26/borna-barisic-24044137
Téo Barisic,Téo Barišić FM26 Profile,first_result,120,110,110,130,https://fmplayer.net/fm-26/teo-barisic-2000107108
Ross Barkley,Ross Barkley FM26 Profile,partial,120,130,130,140,https://fmplayer.net/fm-26/ross-barkley-28058224
Aymen Barkok,Aymen Barkok FM26 Profile,partial,160,130,120,100,https://fmplayer.net/fm-26/aymen-barkok-91143866
Harvey Barnes,Harvey Barnes FM26 Profile,partial,130,150,150,120,https://fmplayer.net/fm-26/harvey-barnes-28100207
Enzo Barrenechea,Enzo Barrenechea FM26 Profile,partial,130,120,100,150,https://fmplayer.net/fm-26/enzo-barrenechea-14217325
Pablo Barrios,Pablo Barrios FM26 Profile,partial,150,140,140,150,https://fmplayer.net/fm-26/pablo-barrios-2000125958
Thierno Barry,Thierno Barry FM26 Profile,partial,150,160,140,140,https://fmplayer.net/fm-26/thierno-barry-2000127926
Davide Bartesaghi,Davide Bartesaghi FM26 Profile,partial,120,130,120,110,https://fmplayer.net/fm-26/davide-bartesaghi-2000183044
Marc Bartra,Marc Bartra FM26 Profile,partial,130,140,120,150,https://fmplayer.net/fm-26/marc-bartra-67063004
Federico Baschirotto,Federico Baschirotto FM26 Profile,partial,130,130,130,140,https://fmplayer.net/fm-26/federico-baschirotto-43155683
Daniele Baselli,Daniele Baselli FM26 Profile,partial,110,120,120,120,https://fmplayer.net/fm-26/daniele-baselli-43058949
Calvin Bassey,Calvin Bassey FM26 Profile,partial,190,150,140,150,https://fmplayer.net/fm-26/calvin-bassey-28111079
Aboubacar Bassinga,Déo Gracias Bassinga FM26 Profile,first_result,130,120,140,140,https://fmplayer.net/fm-26/deo-gracias-bassinga-2000230887
Alessandro Bastoni,,not_found,,,,,
Michy Batshuayi,Michy Batshuayi FM26 Profile,partial,110,120,130,120,https://fmplayer.net/fm-26/michy-batshuayi-18053710
Dylan Batubinsika,Dylan Batubinsika FM26 Profile,partial,140,120,110,130,https://fmplayer.net/fm-26/dylan-batubinsika-85121090
Maximilian Bauer,Maximilian Bauer FM26 Profile,partial,120,130,110,150,https://fmplayer.net/fm-26/maximilian-bauer-91188907
Christoph Baumgartner,Christoph Baumgartner FM26 Profile,partial,150,130,140,170,https://fmplayer.net/fm-26/christoph-baumgartner-16184707
Rafael Bauza,Juan Bauzá FM26 Profile,first_result,100,100,120,80,https://fmplayer.net/fm-26/juan-bauza-14182883
Ihlas Bebou,Ihlas Bebou FM26 Profile,partial,120,150,150,130,https://fmplayer.net/fm-26/ihlas-bebou-91132870
Timo Becker,Timo Becker FM26 Profile,partial,140,150,120,160,https://fmplayer.net/fm-26/timo-becker-91175611
Jan Bednarek,Jan Bednarek FM26 Profile,partial,150,130,130,150,https://fmplayer.net/fm-26/jan-bednarek-96047750
Donny van de Beek,Donny van de Beek FM26 Profile,partial,150,120,110,170,https://fmplayer.net/fm-26/donny-van-de-beek-37048153
Hannes Behrens,Kevin Behrens FM26 Profile,first_result,130,130,120,170,https://fmplayer.net/fm-26/kevin-behrens-91103807
Kevin Behrens,Kevin Behrens FM26 Profile,partial,130,130,120,170,https://fmplayer.net/fm-26/kevin-behrens-91103807
Luken Beitia,Luken Beitia FM26 Profile,partial,60,120,140,90,https://fmplayer.net/fm-26/luken-beitia-2000141451
Reda Belahyane,Reda Belahyane FM26 Profile,partial,140,130,130,150,https://fmplayer.net/fm-26/reda-belahyane-2000031073
Haris Belkebla,Haris Belkebla FM26 Profile,partial,160,110,120,160,https://fmplayer.net/fm-26/haris-belkebla-85099581
Yassin Belkhdim,Yassin Belkhdim FM26 Profile,partial,160,120,130,140,https://fmplayer.net/fm-26/yassin-belkhdim-2000009119
Stefan Bell,Stefan Bell FM26 Profile,partial,110,100,90,120,https://fmplayer.net/fm-26/stefan-bell-91004660
Armel Bella Kotchap,Armel Bella-Kotchap FM26 Profile,first_result,110,150,140,140,https://fmplayer.net/fm-26/armel-bella-kotchap-92102718
Raoul Bellanova,Raoul Bellanova FM26 Profile,partial,150,170,160,130,https://fmplayer.net/fm-26/raoul-bellanova-43295110
Héctor Bellerín,Héctor Bellerín FM26 Profile,partial,140,160,160,150,https://fmplayer.net/fm-26/hector-bellerin-28066082
Jude Bellingham,Jude Bellingham FM26 Profile,partial,160,150,160,180,https://fmplayer.net/fm-26/jude-bellingham-29232937
Andrea Belotti,Andrea Belotti FM26 Profile,partial,130,110,100,160,https://fmplayer.net/fm-26/andrea-belotti-43066936
Fran Beltrán,Fran Beltrán FM26 Profile,partial,130,110,130,170,https://fmplayer.net/fm-26/fran-beltran-67232115
Carlos Benavídez,Carlos Benavídez FM26 Profile,partial,150,130,110,160,https://fmplayer.net/fm-26/carlos-benavidez-78081773
Ismaël Bennacer,Ismaël Bennacer FM26 Profile,partial,130,130,140,160,https://fmplayer.net/fm-26/ismael-bennacer-48032338
Ramy Bensebaini,Ramy Bensebaïni FM26 Profile,first_result,140,140,130,140,https://fmplayer.net/fm-26/ramy-bensebaini-12038706
Nabil Bentaleb,Nabil Bentaleb FM26 Profile,partial,140,110,120,140,https://fmplayer.net/fm-26/nabil-bentaleb-28085752
Rodrigo Bentancur,Rodrigo Bentancur FM26 Profile,partial,150,130,120,150,https://fmplayer.net/fm-26/rodrigo-bentancur-14094572
Lucas Beraldo,Beraldo FM26 Profile,first_result,140,130,130,140,https://fmplayer.net/fm-26/beraldo-2000094252
Yuri Berchiche,Hani Berchiche FM26 Profile,first_result,80,120,120,100,https://fmplayer.net/fm-26/hani-berchiche-2000118097
Sander Berge,Sander Berge FM26 Profile,partial,140,130,130,120,https://fmplayer.net/fm-26/sander-berge-53101282
Lucas Bergvall,Lucas Bergvall FM26 Profile,partial,140,130,160,140,https://fmplayer.net/fm-26/lucas-bergvall-2000169739
Medon Berisha,Medon Berisha FM26 Profile,partial,130,130,130,100,https://fmplayer.net/fm-26/medon-berisha-2000048682
Adrian Bernabe,Adrián Bernabé FM26 Profile,first_result,140,140,140,120,https://fmplayer.net/fm-26/adrian-bernabe-67271025
Marc Bernal,Marc Bernal FM26 Profile,partial,130,120,110,120,https://fmplayer.net/fm-26/marc-bernal-2000295603
Bernardo,Bernardo Silva FM26 Profile,partial,160,120,130,200,https://fmplayer.net/fm-26/bernardo-silva-55041632
Maxime Bernauer,Maxime Bernauer FM26 Profile,partial,140,100,120,140,https://fmplayer.net/fm-26/maxime-bernauer-85145137
Antoine Bernede,Antoine Bernede FM26 Profile,partial,140,130,130,130,https://fmplayer.net/fm-26/antoine-bernede-48031590
Victor Bernth Kristiansen,Patrick Bernth FM26 Profile,first_result,110,70,90,60,https://fmplayer.net/fm-26/patrick-bernth-27092386
Matúš Bero,Matúš Bero FM26 Profile,partial,160,130,120,170,https://fmplayer.net/fm-26/matus-bero-63025586
Juan Berrocal,Juan Berrocal FM26 Profile,partial,150,130,120,130,https://fmplayer.net/fm-26/juan-berrocal-67248397
Beto,Beto FM26 Profile,partial,130,160,160,160,https://fmplayer.net/fm-26/beto-83228124
Sam Beukema,Sam Beukema FM26 Profile,partial,150,140,130,150,https://fmplayer.net/fm-26/sam-beukema-37063774
Alessandro Bianco,Alessandro Bianco FM26 Profile,partial,140,140,130,140,https://fmplayer.net/fm-26/alessandro-bianco-43458331
Mika Biereth,Mika Biereth FM26 Profile,partial,140,130,150,160,https://fmplayer.net/fm-26/mika-biereth-29233148
Jaka Bijol,Jaka Bijol FM26 Profile,partial,130,130,120,140,https://fmplayer.net/fm-26/jaka-bijol-62215974
Philip Billing,Philip Billing FM26 Profile,partial,150,140,110,160,https://fmplayer.net/fm-26/philip-billing-29121437
Cristiano Biraghi,Cristiano Biraghi FM26 Profile,partial,130,130,130,140,https://fmplayer.net/fm-26/cristiano-biraghi-43029905
Yves Bissouma,Yves Bissouma FM26 Profile,partial,160,140,160,140,https://fmplayer.net/fm-26/yves-bissouma-13174979
Leonardo Bittencourt,Leonardo Bittencourt FM26 Profile,partial,140,130,130,160,https://fmplayer.net/fm-26/leonardo-bittencourt-92014331
Emmanuel Biumla,Emmanuel Biumla FM26 Profile,partial,140,120,130,150,https://fmplayer.net/fm-26/emmanuel-biumla-2000209925
Antonio Blanco,Antonio Blanco FM26 Profile,partial,140,120,130,150,https://fmplayer.net/fm-26/antonio-blanco-67256515
Daley Blind,Daley Blind FM26 Profile,partial,130,110,110,160,https://fmplayer.net/fm-26/daley-blind-37005632
Myron Boadu,Myron Boadu FM26 Profile,partial,110,150,160,80,https://fmplayer.net/fm-26/myron-boadu-37060951
Oscar Bobb,Oscar Bobb FM26 Profile,partial,130,140,150,140,https://fmplayer.net/fm-26/oscar-bobb-28126241
Mathéo Bodmer,Mathéo Bodmer FM26 Profile,partial,80,100,100,130,https://fmplayer.net/fm-26/matheo-bodmer-2000104848
Sacha Boey,Sacha Boey FM26 Profile,partial,160,140,150,170,https://fmplayer.net/fm-26/sacha-boey-49038965
Emil Bohinen,Emil Bohinen FM26 Profile,partial,120,100,110,100,https://fmplayer.net/fm-26/emil-bohinen-53126104
Willy Boly,Willy Boly FM26 Profile,partial,110,100,110,130,https://fmplayer.net/fm-26/willy-boly-85009974
Moïse Bombito,Moïse Bombito FM26 Profile,partial,140,160,170,140,https://fmplayer.net/fm-26/moise-bombito-2000239167
Warren Bondo,Warren Bondo FM26 Profile,partial,150,140,140,140,https://fmplayer.net/fm-26/warren-bondo-2000006107
Victor Boniface,Victor Boniface FM26 Profile,partial,110,130,120,100,https://fmplayer.net/fm-26/victor-boniface-53174131
Kevin Bonifazi,Kevin Bonifazi FM26 Profile,partial,110,110,110,110,https://fmplayer.net/fm-26/kevin-bonifazi-43094128
Ange-Yoan Bonny,Márk Bonnyai FM26 Profile,first_result,80,80,100,90,https://fmplayer.net/fm-26/mark-bonnyai-38059191
Sebastiaan Bornauw,,not_found,,,,,
Sven Botman,Sven Botman FM26 Profile,partial,150,120,120,150,https://fmplayer.net/fm-26/sven-botman-37063649
Ayyoub Bouaddi,Ayyoub Bouaddi FM26 Profile,partial,140,120,120,140,https://fmplayer.net/fm-26/ayyoub-bouaddi-2000381365
Benjamin Bouchouari,Benjamin Bouchouari FM26 Profile,partial,130,140,150,120,https://fmplayer.net/fm-26/benjamin-bouchouari-2000018847
Hicham Boudaoui,Hicham Boudaoui FM26 Profile,partial,160,130,130,160,https://fmplayer.net/fm-26/hicham-boudaoui-13227048
Carlo Boukhalfa,Carlo Boukhalfa FM26 Profile,partial,160,130,120,160,https://fmplayer.net/fm-26/carlo-boukhalfa-91182837
Justin Bourgault,Justin Bourgault FM26 Profile,partial,120,130,130,120,https://fmplayer.net/fm-26/justin-bourgault-2000372165
Benjamin Bourigeaud,Benjamin Bourigeaud FM26 Profile,partial,140,100,120,150,https://fmplayer.net/fm-26/benjamin-bourigeaud-85117078
Enzo Boyomo,Flavien-Enzo Boyomo FM26 Profile,partial,140,150,140,150,https://fmplayer.net/fm-26/flavien-enzo-boyomo-29219115
Domagoj Bradarić,Domagoj Bradarić FM26 Profile,partial,160,140,140,150,https://fmplayer.net/fm-26/domagoj-bradaric-24054803
Conor Bradley,Conor Bradley FM26 Profile,partial,150,160,160,160,https://fmplayer.net/fm-26/conor-bradley-28127166
Bilal Brahimi,Bilal Brahimi FM26 Profile,partial,120,130,130,130,https://fmplayer.net/fm-26/bilal-brahimi-49037479
Julian Brandt,Julian Brandt FM26 Profile,partial,150,140,120,90,https://fmplayer.net/fm-26/julian-brandt-91119265
Jarrad Branthwaite,Jarrad Branthwaite FM26 Profile,partial,130,140,140,140,https://fmplayer.net/fm-26/jarrad-branthwaite-29226000
Darko Brašanac,Darko Brašanac FM26 Profile,partial,140,110,120,160,https://fmplayer.net/fm-26/darko-brasanac-62039552
Lilian Brassier,Lilian Brassier FM26 Profile,partial,140,140,130,120,https://fmplayer.net/fm-26/lilian-brassier-48044279
Matthias Braunöder,Matthias Braunöder FM26 Profile,partial,140,130,130,140,https://fmplayer.net/fm-26/matthias-braunoder-16254007
James Bree,James Bree FM26 Profile,partial,130,130,130,160,https://fmplayer.net/fm-26/james-bree-29133548
Tim Breithaupt,Tim Breithaupt FM26 Profile,partial,160,120,110,150,https://fmplayer.net/fm-26/tim-breithaupt-2000065418
Gleison Bremer,Gleison FM26 Profile,first_result,110,130,140,140,https://fmplayer.net/fm-26/gleison-55083803
Ben Brereton,Ben Brereton Díaz FM26 Profile,partial,140,130,130,110,https://fmplayer.net/fm-26/ben-brereton-diaz-29159400
Marco Brescianini,Marco Brescianini FM26 Profile,partial,140,140,140,140,https://fmplayer.net/fm-26/marco-brescianini-43318320
Anthony Briançon,Anthony Briançon FM26 Profile,partial,120,120,120,120,https://fmplayer.net/fm-26/anthony-briancon-48032750
Armando Broja,Armando Broja FM26 Profile,partial,130,150,150,130,https://fmplayer.net/fm-26/armando-broja-28121369
Arvid Brorsson,Arvid Brorsson FM26 Profile,partial,130,130,120,130,https://fmplayer.net/fm-26/arvid-brorsson-93081642
Ante Budimir,Ante Budimir FM26 Profile,partial,150,130,110,160,https://fmplayer.net/fm-26/ante-budimir-24003746
Santiago Bueno,Santiago Bueno FM26 Profile,partial,140,130,120,130,https://fmplayer.net/fm-26/santiago-bueno-78076996
Endika Buján,Endika Buján FM26 Profile,partial,70,140,130,110,https://fmplayer.net/fm-26/endika-bujan-2000296241
Alessandro Buongiorno,Alessandro Buongiorno FM26 Profile,partial,150,120,120,150,https://fmplayer.net/fm-26/alessandro-buongiorno-43270682
Cameron Burgess,Cameron Burgess FM26 Profile,partial,140,110,80,140,https://fmplayer.net/fm-26/cameron-burgess-28087596
Jonathan Burkardt,Jonathan Burkardt FM26 Profile,partial,160,150,150,180,https://fmplayer.net/fm-26/jonathan-burkardt-91170086
Oliver Burke,Oliver Burke FM26 Profile,partial,130,170,170,150,https://fmplayer.net/fm-26/oliver-burke-29122255
Dan Burn,Dan Burn FM26 Profile,partial,150,120,100,170,https://fmplayer.net/fm-26/dan-burn-29061164
Rareș-Cătălin Burnete,Rareş Burnete FM26 Profile,first_result,120,130,120,110,https://fmplayer.net/fm-26/rares-burnete-57196654
Gianluca Busio,Gianluca Busio FM26 Profile,partial,130,130,140,130,https://fmplayer.net/fm-26/gianluca-busio-72049787
Aurélio Buta,Aurélio Buta FM26 Profile,partial,140,150,150,140,https://fmplayer.net/fm-26/aurelio-buta-55070291
Nathan Butler-Oyedeji,Nathan Butler FM26 Profile,first_result,10,100,90,30,https://fmplayer.net/fm-26/nathan-butler-2000407957
Leandro Cabrera,Leandro Cabrera FM26 Profile,partial,140,130,100,180,https://fmplayer.net/fm-26/leandro-cabrera-78027200
Anthony Caci,Anthony Caci FM26 Profile,partial,140,130,130,130,https://fmplayer.net/fm-26/anthony-caci-49034179
Tom Cairney,Tom Cairney FM26 Profile,partial,100,90,100,140,https://fmplayer.net/fm-26/tom-cairney-28025033
Jens Cajuste,Jens Cajuste FM26 Profile,partial,130,140,130,170,https://fmplayer.net/fm-26/jens-cajuste-93069729
Davide Calabria,Davide Calabria FM26 Profile,partial,140,130,130,150,https://fmplayer.net/fm-26/davide-calabria-43123020
Riccardo Calafiori,Riccardo Calafiori FM26 Profile,partial,140,140,140,140,https://fmplayer.net/fm-26/riccardo-calafiori-43424738
Luca Caldirola,Luca Caldirola FM26 Profile,partial,110,110,110,150,https://fmplayer.net/fm-26/luca-caldirola-43008773
Duje Ćaleta-Car,Kian Ćaleta FM26 Profile,first_result,90,100,80,90,https://fmplayer.net/fm-26/kian-caleta-2000349727
Hakan Çalhanoğlu,Hakan Çalhanoğlu FM26 Profile,partial,140,120,120,120,https://fmplayer.net/fm-26/hakan-calhanoglu-92026209
Dominic Calvert-Lewin,Jacob Calvert FM26 Profile,first_result,120,120,120,100,https://fmplayer.net/fm-26/jacob-calvert-2000265659
Issiaga Camara,Issiaga Camara FM26 Profile,partial,130,130,140,130,https://fmplayer.net/fm-26/issiaga-camara-2000290402
Lamine Camara,Lamine Camara FM26 Profile,partial,150,120,130,160,https://fmplayer.net/fm-26/lamine-camara-12093439
Ousmane Camara,Ousmane Camara FM26 Profile,partial,140,110,110,130,https://fmplayer.net/fm-26/ousmane-camara-2000066137
Nicolò Cambiaghi,Nicolò Cambiaghi FM26 Profile,partial,140,150,160,150,https://fmplayer.net/fm-26/nicolo-cambiaghi-43295822
Sergio Camello,Sergio Camello FM26 Profile,partial,160,120,120,160,https://fmplayer.net/fm-26/sergio-camello-67272502
José Campaña,José Campaña FM26 Profile,partial,110,110,100,100,https://fmplayer.net/fm-26/jose-campana-67089223
Thomas Campaniello,Thomas Campaniello FM26 Profile,partial,90,130,110,70,https://fmplayer.net/fm-26/thomas-campaniello-2000370582
Fali Candé,Fali Candé FM26 Profile,partial,130,130,140,130,https://fmplayer.net/fm-26/fali-cande-83149225
Antonio Candela,Antonio Candela FM26 Profile,partial,140,140,140,130,https://fmplayer.net/fm-26/antonio-candela-43300251
Pierrick Capelle,Pierrick Capelle FM26 Profile,partial,130,120,120,150,https://fmplayer.net/fm-26/pierrick-capelle-85098947
Gabin Capuano,Gabin Capuano FM26 Profile,partial,80,140,140,140,https://fmplayer.net/fm-26/gabin-capuano-2000386007
Francesco Caputo,Francesco Caputo FM26 Profile,partial,110,120,140,70,https://fmplayer.net/fm-26/francesco-caputo-43392952
Maxence Caqueret,Maxence Caqueret FM26 Profile,partial,150,120,120,160,https://fmplayer.net/fm-26/maxence-caqueret-48044737
Andrea Carboni,Andrea Carboni FM26 Profile,partial,130,130,130,130,https://fmplayer.net/fm-26/andrea-carboni-43391662
Franco Carboni,Franco Carboni FM26 Profile,partial,130,140,130,120,https://fmplayer.net/fm-26/franco-carboni-43619130
Sergi Cardona,Sergi Cardona FM26 Profile,partial,140,160,140,130,https://fmplayer.net/fm-26/sergi-cardona-67294055
Johnny Cardoso,Johnny Cardoso FM26 Profile,partial,160,130,120,150,https://fmplayer.net/fm-26/johnny-cardoso-89066513
Diego Carlos,Diego Carlos FM26 Profile,partial,140,130,90,130,https://fmplayer.net/fm-26/diego-carlos-19188567
José Carlos González,Carlos González FM26 Profile,first_result,140,110,110,130,https://fmplayer.net/fm-26/carlos-gonzalez-79024554
Carmona,José Ángel Carmona FM26 Profile,partial,150,150,140,150,https://fmplayer.net/fm-26/jose-angel-carmona-2000053930
Dani Carvajal,,not_found,,,,,
William Carvalho,William Carvalho FM26 Profile,partial,110,90,100,100,https://fmplayer.net/fm-26/william-carvalho-55012106
Cesare Casadei,Cesare Casadei FM26 Profile,partial,130,130,130,130,https://fmplayer.net/fm-26/cesare-casadei-43500064
Marc Casado,Marc Casadó FM26 Profile,first_result,140,120,120,180,https://fmplayer.net/fm-26/marc-casado-2000058198
Nicolò Casale,Nicolò Casale FM26 Profile,partial,140,120,120,130,https://fmplayer.net/fm-26/nicolo-casale-43206174
Casemiro,Casemiro FM26 Profile,partial,130,100,90,140,https://fmplayer.net/fm-26/casemiro-19061518
Kaelan Casey,Kaelan Casey FM26 Profile,partial,90,110,110,140,https://fmplayer.net/fm-26/kaelan-casey-2000118379
Matty Cash,Matty Cash FM26 Profile,partial,150,140,140,160,https://fmplayer.net/fm-26/matty-cash-29147447
Eiran Cashin,Eiran Cashin FM26 Profile,partial,140,90,100,140,https://fmplayer.net/fm-26/eiran-cashin-29217605
Cristian Cásseres Jr.,Cristian Cásseres FM26 Profile,first_result,150,130,140,140,https://fmplayer.net/fm-26/cristian-casseres-86055764
Timothy Castagne,Timothy Castagne FM26 Profile,partial,150,140,140,150,https://fmplayer.net/fm-26/timothy-castagne-18074558
Valentín Castellanos,Taty Castellanos FM26 Profile,first_result,130,140,140,150,https://fmplayer.net/fm-26/taty-castellanos-75042244
Santiago Castro,Santiago Castro FM26 Profile,partial,140,140,140,180,https://fmplayer.net/fm-26/santiago-castro-14236223
Gaetano Castrovilli,Gaetano Castrovilli FM26 Profile,partial,120,120,120,150,https://fmplayer.net/fm-26/gaetano-castrovilli-43206176
Danilo Cataldi,Danilo Cataldi FM26 Profile,partial,130,130,120,140,https://fmplayer.net/fm-26/danilo-cataldi-43093936
Catena,Alejandro Catena FM26 Profile,partial,140,120,120,150,https://fmplayer.net/fm-26/alejandro-catena-67210735
Maximiliano Caufriez,Maximiliano Caufriez FM26 Profile,partial,120,110,120,140,https://fmplayer.net/fm-26/maximiliano-caufriez-8156077
Enzo Caumont,Enzo Caumont FM26 Profile,partial,80,100,130,120,https://fmplayer.net/fm-26/enzo-caumont-2000011395
Dani Ceballos,Dani Ceballos FM26 Profile,partial,130,130,140,110,https://fmplayer.net/fm-26/dani-ceballos-67202350
Abdoulie Ceesay,Abdoulie Ceesay FM26 Profile,partial,120,150,130,160,https://fmplayer.net/fm-26/abdoulie-ceesay-2000374059
Zeki Çelik,Zeki Çelik FM26 Profile,partial,140,140,140,160,https://fmplayer.net/fm-26/zeki-celik-70097248
Fabien Centonze,Fabien Centonze FM26 Profile,partial,130,130,130,120,https://fmplayer.net/fm-26/fabien-centonze-48037272
Alberto Cerri,Alberto Cerri FM26 Profile,partial,120,100,100,160,https://fmplayer.net/fm-26/alberto-cerri-43094070
Julian Chabot,Jeff Chabot FM26 Profile,first_result,120,120,110,160,https://fmplayer.net/fm-26/jeff-chabot-91177332
El Chadaille Bitshiabu,El Chadaille Bitshiabu FM26 Profile,partial,120,150,120,130,https://fmplayer.net/fm-26/el-chadaille-bitshiabu-2000100253
Trevoh Chalobah,Trevoh Chalobah FM26 Profile,partial,140,150,160,150,https://fmplayer.net/fm-26/trevoh-chalobah-28103591
Timothy Chandler,Timothy Chandler FM26 Profile,partial,120,120,110,160,https://fmplayer.net/fm-26/timothy-chandler-91001071
Brendan Chardonnet,Brendan Chardonnet FM26 Profile,partial,150,120,110,140,https://fmplayer.net/fm-26/brendan-chardonnet-85139266
Gabriel Charpentier,Gabriel Charpentier FM26 Profile,partial,140,130,130,130,https://fmplayer.net/fm-26/gabriel-charpentier-49047842
Raúl Chasco,Raúl Chasco FM26 Profile,partial,130,110,110,90,https://fmplayer.net/fm-26/raul-chasco-2000125162
Anrie Chase,Anrie Chase FM26 Profile,partial,120,150,120,150,https://fmplayer.net/fm-26/anrie-chase-2000232217
Arthur Chaves,Arthur Chaves FM26 Profile,partial,130,150,130,160,https://fmplayer.net/fm-26/arthur-chaves-19335705
Walid Cheddira,Walid Cheddira FM26 Profile,partial,140,150,150,160,https://fmplayer.net/fm-26/walid-cheddira-43391696
Chema,Chema Andrés FM26 Profile,partial,160,110,100,160,https://fmplayer.net/fm-26/chema-andres-2000220048
Théo Chennahi,Théo Chennahi FM26 Profile,partial,120,120,120,120,https://fmplayer.net/fm-26/theo-chennahi-2000131100
Sidiki Cherif,Sidiki Chérif FM26 Profile,first_result,110,130,130,130,https://fmplayer.net/fm-26/sidiki-cherif-2000271175
Fabio Chiarodia,Fabio Chiarodia FM26 Profile,partial,120,130,120,120,https://fmplayer.net/fm-26/fabio-chiarodia-2000116422
Federico Chiesa,Federico Chiesa FM26 Profile,partial,120,160,160,150,https://fmplayer.net/fm-26/federico-chiesa-43161651
Ben Chilwell,Ben Chilwell FM26 Profile,partial,140,130,140,150,https://fmplayer.net/fm-26/ben-chilwell-29128536
Chiquinho,Chiquinho FM26 Profile,partial,140,100,130,160,https://fmplayer.net/fm-26/chiquinho-55082827
Pedro Chirivella,Pedro Chirivella FM26 Profile,partial,140,120,120,130,https://fmplayer.net/fm-26/pedro-chirivella-67185037
Joris Chotard,Joris Chotard FM26 Profile,partial,150,130,130,150,https://fmplayer.net/fm-26/joris-chotard-49048599
Andreas Christensen,Andreas Christensen FM26 Profile,partial,130,150,120,130,https://fmplayer.net/fm-26/andreas-christensen-27066387
Ryan Christie,Ryan Christie FM26 Profile,partial,170,130,130,180,https://fmplayer.net/fm-26/ryan-christie-61042900
Carney Chukwuemeka,Carney Chukwuemeka FM26 Profile,partial,130,140,150,120,https://fmplayer.net/fm-26/carney-chukwuemeka-28127875
Aaron Ciammaglichella,Aaron Ciammaglichella FM26 Profile,partial,110,120,120,110,https://fmplayer.net/fm-26/aaron-ciammaglichella-2000098260
Alessandro Circati,Alessandro Circati FM26 Profile,partial,140,130,130,130,https://fmplayer.net/fm-26/alessandro-circati-2000017415
Djaoui Cissé,Djaoui Cissé FM26 Profile,partial,120,130,130,130,https://fmplayer.net/fm-26/djaoui-cisse-2000023222
Seydouba Cissé,Seydouba Cissé FM26 Profile,partial,130,120,140,130,https://fmplayer.net/fm-26/seydouba-cisse-13194004
Yoann Cissé,Yoann Cissé FM26 Profile,partial,70,140,140,100,https://fmplayer.net/fm-26/yoann-cisse-2000119971
Harry Clarke,Harry Clarke FM26 Profile,partial,130,150,150,170,https://fmplayer.net/fm-26/harry-clarke-28116307
Silvi Clúa,Genís Clua FM26 Profile,first_result,70,100,110,90,https://fmplayer.net/fm-26/genis-clua-2000472372
Conor Coady,Conor Coady FM26 Profile,partial,80,80,60,100,https://fmplayer.net/fm-26/conor-coady-28047452
Marcus Coco,Marcus Coco FM26 Profile,partial,130,130,130,120,https://fmplayer.net/fm-26/marcus-coco-85142872
Saúl Coco,Saúl Coco FM26 Profile,partial,140,140,130,120,https://fmplayer.net/fm-26/saul-coco-67245434
Séamus Coleman,Seamus Coleman FM26 Profile,first_result,120,120,120,150,https://fmplayer.net/fm-26/seamus-coleman-56001681
Nathan Collins,Nathan Collins FM26 Profile,partial,140,140,130,150,https://fmplayer.net/fm-26/nathan-collins-28117372
Nnamdi Collins,Nnamdi Collins FM26 Profile,partial,130,160,160,140,https://fmplayer.net/fm-26/nnamdi-collins-2000045854
Toby Collyer,Toby Collyer FM26 Profile,partial,170,140,130,160,https://fmplayer.net/fm-26/toby-collyer-2000010840
Levi Colwill,Levi Colwill FM26 Profile,partial,140,150,150,150,https://fmplayer.net/fm-26/levi-colwill-28124573
Kingsley Coman,Kingsley Coman FM26 Profile,partial,130,150,170,130,https://fmplayer.net/fm-26/kingsley-coman-85104424
Santi Comesaña,Santi Comesaña FM26 Profile,partial,140,130,130,150,https://fmplayer.net/fm-26/santi-comesana-67224142
Pietro Comuzzo,Pietro Comuzzo FM26 Profile,partial,140,130,140,140,https://fmplayer.net/fm-26/pietro-comuzzo-2000096278
Alois Confais,Aloïs Confais FM26 Profile,first_result,120,120,110,130,https://fmplayer.net/fm-26/alois-confais-48037139
Copete,José Copete FM26 Profile,partial,140,130,110,140,https://fmplayer.net/fm-26/jose-copete-67257035
Diego Coppola,Diego Coppola FM26 Profile,partial,140,140,130,140,https://fmplayer.net/fm-26/diego-coppola-43500130
Francis Coquelin,Francis Coquelin FM26 Profile,partial,140,110,110,150,https://fmplayer.net/fm-26/francis-coquelin-34012022
Iker Córdoba,Iker Córdoba FM26 Profile,partial,90,110,110,100,https://fmplayer.net/fm-26/iker-cordoba-2000227983
Derek Cornelius,Derek Cornelius FM26 Profile,partial,120,130,110,120,https://fmplayer.net/fm-26/derek-cornelius-62206980
Maxwel Cornet,Maxwel Cornet FM26 Profile,partial,130,140,130,140,https://fmplayer.net/fm-26/maxwel-cornet-85117459
Pierre Cornud,Pierre Cornud FM26 Profile,partial,140,120,120,140,https://fmplayer.net/fm-26/pierre-cornud-48038601
Thierry Correia,Thierry Rendall Correia FM26 Profile,first_result,160,160,150,130,https://fmplayer.net/fm-26/thierry-rendall-correia-83111501
Alberto costa,Alberto Costa FM26 Profile,partial,140,150,160,150,https://fmplayer.net/fm-26/alberto-costa-2000048260
Danny da Costa,Danny da Costa FM26 Profile,partial,140,150,130,160,https://fmplayer.net/fm-26/danny-da-costa-92028423
Logan Costa,Logan Costa FM26 Profile,partial,140,130,120,130,https://fmplayer.net/fm-26/logan-costa-49039003
Samu Costa,Samu Aghehowa FM26 Profile,first_result,140,160,140,150,https://fmplayer.net/fm-26/samu-aghehowa-2000211219
Vladimír Coufal,Vladimír Coufal FM26 Profile,partial,160,140,130,160,https://fmplayer.net/fm-26/vladimir-coufal-25038517
Lassana Coulibaly,Lassana Coulibaly FM26 Profile,partial,160,130,140,160,https://fmplayer.net/fm-26/lassana-coulibaly-48036752
Mamadou Coulibaly,Mamadou Coulibaly FM26 Profile,partial,140,90,150,150,https://fmplayer.net/fm-26/mamadou-coulibaly-2000124174
Soumaïla Coulibaly,Soumaïla Coulibaly FM26 Profile,partial,110,150,140,120,https://fmplayer.net/fm-26/soumaila-coulibaly-2000011613
Woyo Coulibaly,Woyo Coulibaly FM26 Profile,partial,150,150,140,150,https://fmplayer.net/fm-26/woyo-coulibaly-49040688
Aaron Cresswell,Aaron Cresswell FM26 Profile,partial,150,120,120,140,https://fmplayer.net/fm-26/aaron-cresswell-28005949
Charlie Cresswell,Charlie Cresswell FM26 Profile,partial,140,120,110,130,https://fmplayer.net/fm-26/charlie-cresswell-29217875
Bryan Cristante,Bryan Cristante FM26 Profile,partial,160,110,100,160,https://fmplayer.net/fm-26/bryan-cristante-43091113
Domen Črnigoj,Domen Črnigoj FM26 Profile,partial,110,110,110,130,https://fmplayer.net/fm-26/domen-crnigoj-62123347
Juan Cruz Armada,Ariel Armada FM26 Profile,first_result,110,120,120,110,https://fmplayer.net/fm-26/ariel-armada-14123040
Pau Cubarsí,Pau Cubarsí FM26 Profile,partial,130,140,130,140,https://fmplayer.net/fm-26/pau-cubarsi-2000296497
Cucho,Cucho Hernández FM26 Profile,partial,150,140,140,150,https://fmplayer.net/fm-26/cucho-hernandez-76043783
Marc Cucurella,Marc Cucurella FM26 Profile,partial,160,130,160,180,https://fmplayer.net/fm-26/marc-cucurella-67215284
Jorge Cuenca,Jorge Cuenca FM26 Profile,partial,120,150,150,130,https://fmplayer.net/fm-26/jorge-cuenca-67248170
Patrick Cutrone,Patrick Cutrone FM26 Profile,partial,130,140,140,150,https://fmplayer.net/fm-26/patrick-cutrone-43167351
Tomáš Čvančara,Tomáš Čvančara FM26 Profile,partial,130,160,130,180,https://fmplayer.net/fm-26/tomas-cvancara-25057908
Wylan Cyprien,Wylan Cyprien FM26 Profile,partial,110,130,120,150,https://fmplayer.net/fm-26/wylan-cyprien-85104569
Danilo D'Ambrosio,Agustín Ambrosio FM26 Profile,first_result,60,140,140,110,https://fmplayer.net/fm-26/agustin-ambrosio-2000314983
Lucas Da Cunha,Lucas Da Cunha FM26 Profile,partial,130,130,130,140,https://fmplayer.net/fm-26/lucas-da-cunha-49038940
Mahmoud Dahoud,Mahmoud Dahoud FM26 Profile,partial,140,120,130,140,https://fmplayer.net/fm-26/mahmoud-dahoud-92063787
Ameen Al-Dakhil,Botan Ameen FM26 Profile,first_result,120,120,130,150,https://fmplayer.net/fm-26/botan-ameen-2000314600
Thijs Dallinga,Thijs Dallinga FM26 Profile,partial,140,130,130,110,https://fmplayer.net/fm-26/thijs-dallinga-37070210
Diogo Dalot,Diogo Dalot FM26 Profile,partial,150,150,140,150,https://fmplayer.net/fm-26/diogo-dalot-83105845
Maat Daniel Caprini,Maat Daniel Caprini FM26 Profile,partial,110,130,150,100,https://fmplayer.net/fm-26/maat-daniel-caprini-2000186958
Flavius Daniliuc,Flavius Daniliuc FM26 Profile,partial,140,140,130,150,https://fmplayer.net/fm-26/flavius-daniliuc-91172522
Arnaut Danjuma,Arnaut Danjuma FM26 Profile,partial,110,160,170,110,https://fmplayer.net/fm-26/arnaut-danjuma-37051305
Jayden Danns,Jayden Danns FM26 Profile,partial,100,130,140,140,https://fmplayer.net/fm-26/jayden-danns-2000191846
Kévin Danois,Kévin Danois FM26 Profile,partial,150,120,120,150,https://fmplayer.net/fm-26/kevin-danois-2000011415
Kevin Danso,Kevin Danso FM26 Profile,partial,130,160,140,150,https://fmplayer.net/fm-26/kevin-danso-91144914
Dante,Dante Vanzeir FM26 Profile,partial,120,130,130,130,https://fmplayer.net/fm-26/dante-vanzeir-18083629
Mohamed Daramy,Mohamed Daramy FM26 Profile,partial,140,160,160,100,https://fmplayer.net/fm-26/mohamed-daramy-27148020
Bence Dárdai,Bence Dárdai FM26 Profile,partial,150,120,120,130,https://fmplayer.net/fm-26/bence-dardai-2000215183
Matteo Darmian,Matteo Darmian FM26 Profile,partial,130,120,110,170,https://fmplayer.net/fm-26/matteo-darmian-7990060
Juan David Cabal,Juan David Cabal FM26 Profile,partial,130,140,130,140,https://fmplayer.net/fm-26/juan-david-cabal-76064373
Jonathan David,Jonathan David FM26 Profile,partial,150,150,160,140,https://fmplayer.net/fm-26/jonathan-david-18108540
Alphonso Davies,Alphonso Davies FM26 Profile,partial,150,190,190,150,https://fmplayer.net/fm-26/alphonso-davies-20041862
Ben Davies,Ben Davies FM26 Profile,partial,160,130,120,160,https://fmplayer.net/fm-26/ben-davies-28049754
Keinan Davis,Keinan Davis FM26 Profile,partial,120,140,130,160,https://fmplayer.net/fm-26/keinan-davis-28107730
Leif Davis,Leif Davis FM26 Profile,partial,170,150,150,150,https://fmplayer.net/fm-26/leif-davis-29175587
Craig Dawson,Craig Dawson FM26 Profile,partial,150,90,100,120,https://fmplayer.net/fm-26/craig-dawson-90000708
Bobby De Cordova-Reid,Sebastián Córdova FM26 Profile,first_result,110,120,120,130,https://fmplayer.net/fm-26/sebastian-cordova-51060128
Rodrigo De Paul,Rodrigo De Paul FM26 Profile,partial,140,140,150,140,https://fmplayer.net/fm-26/rodrigo-de-paul-14048343
Mattia De Sciglio,Mattia De Sciglio FM26 Profile,partial,110,130,110,130,https://fmplayer.net/fm-26/mattia-de-sciglio-43037008
Lorenzo De Silvestri,Lorenzo De Silvestri FM26 Profile,partial,120,120,130,160,https://fmplayer.net/fm-26/lorenzo-de-silvestri-1401054
Thibault De Smet,Thibault De Smet FM26 Profile,partial,130,130,120,130,https://fmplayer.net/fm-26/thibault-de-smet-18096680
Koni De Winter,Koni De Winter FM26 Profile,partial,130,140,130,120,https://fmplayer.net/fm-26/koni-de-winter-18108550
Amar Dedić,,not_found,,,,,
Alessandro Deiola,Alessandro Deiola FM26 Profile,partial,,,,,https://fmplayer.net/fm-26/alessandro-deiola-43093890
Romain Del Castillo,,not_found,,,,,
Enrico Del Prato,Nicolas Del Prato FM26 Profile,first_result,10,90,60,50,https://fmplayer.net/fm-26/nicolas-del-prato-2000180267
Thomas Delaine,Thomas Delaine FM26 Profile,partial,110,110,110,150,https://fmplayer.net/fm-26/thomas-delaine-85085647
Liam Delap,Liam Delap FM26 Profile,partial,130,170,160,150,https://fmplayer.net/fm-26/liam-delap-28126247
Andy Delort,Andy Delort FM26 Profile,partial,70,100,90,130,https://fmplayer.net/fm-26/andy-delort-85059211
Olivier Deman,Olivier Deman FM26 Profile,partial,160,130,130,160,https://fmplayer.net/fm-26/olivier-deman-18096737
Ali Dembélé,Ali Dembélé FM26 Profile,partial,140,130,140,110,https://fmplayer.net/fm-26/ali-dembele-2000023340
Ousmane Dembélé,Ousmane Dembélé FM26 Profile,partial,140,170,180,140,https://fmplayer.net/fm-26/ousmane-dembele-85140178
Ermedin Demirović,Ermedin Demirović FM26 Profile,partial,160,140,130,160,https://fmplayer.net/fm-26/ermedin-demirovic-91158071
Sepp van den Berg,,not_found,,,,,
Justin Devenny,,not_found,,,,,
Giovanni Di Lorenzo,Giovanni Di Lorenzo FM26 Profile,partial,200,160,150,160,https://fmplayer.net/fm-26/giovanni-di-lorenzo-43075156
Mouctar Diakhaby,Mouctar Diakhaby FM26 Profile,partial,160,130,130,150,https://fmplayer.net/fm-26/mouctar-diakhaby-48036643
Bafodé Diakité,,not_found,,,,,
Oumar Diakité,Oumar Diakité FM26 Profile,partial,140,140,130,130,https://fmplayer.net/fm-26/oumar-diakite-12093352
Moussa Diarra,Moussa Diarra FM26 Profile,partial,,,,,https://fmplayer.net/fm-26/moussa-diarra-49044569
Rúben Dias,,not_found,,,,,
Kandet Diawara,,not_found,,,,,
Mahamadou Diawara,Mahamadou Diawara FM26 Profile,partial,,,,,https://fmplayer.net/fm-26/mahamadou-diawara-2000212944
Daniel Díaz,Daniel Díaz FM26 Profile,partial,,,,,https://fmplayer.net/fm-26/daniel-diaz-2000271998
Luis Díaz,Luis Díaz FM26 Profile,partial,130,160,160,160,https://fmplayer.net/fm-26/luis-diaz-76049803
Pedro Díaz,Pedro Díaz FM26 Profile,partial,150,130,130,150,https://fmplayer.net/fm-26/pedro-diaz-67220203
Diego,Diego Llorente FM26 Profile,partial,130,140,130,150,https://fmplayer.net/fm-26/diego-llorente-67011217
Bamba Dieng,,not_found,,,,,
Eric Dier,,not_found,,,,,
Lucas Digne,Lucas Digne FM26 Profile,partial,160,140,150,150,https://fmplayer.net/fm-26/lucas-digne-85033423
Kembo Diliwidi,Kembo Diliwidi FM26 Profile,partial,90,120,130,70,https://fmplayer.net/fm-26/kembo-diliwidi-2000205295
Sinaly Diomande,Sinaly Diomandé FM26 Profile,first_result,,,,,https://fmplayer.net/fm-26/sinaly-diomande-49062672
Lois Diony,,not_found,,,,,
Issa Diop,Issa Diop FM26 Profile,partial,130,140,140,140,https://fmplayer.net/fm-26/issa-diop-85140415
Sérigné Diop,,not_found,,,,,
Andy Diouf,,not_found,,,,,
Assane Dioussé,Assane Dioussé FM26 Profile,partial,130,120,120,140,https://fmplayer.net/fm-26/assane-diousse-43141845
Axel Disasi,Axel Disasi FM26 Profile,partial,160,140,130,140,https://fmplayer.net/fm-26/axel-disasi-48037291
Roman Dixon,Roman Dixon FM26 Profile,partial,100,160,150,120,https://fmplayer.net/fm-26/roman-dixon-2000143998
Álvaro djaló,Álvaro Djaló FM26 Profile,partial,120,140,160,130,https://fmplayer.net/fm-26/alvaro-djalo-83227951
Nasser Djiga,,not_found,,,,,
Berat Djimsiti,Berat Djimsiti FM26 Profile,partial,140,120,110,140,https://fmplayer.net/fm-26/berat-djimsiti-98015432
Dodô,Dodô FM26 Profile,partial,120,130,130,120,https://fmplayer.net/fm-26/dodo-19158806
Danilho Doekhi,Danilho Doekhi FM26 Profile,partial,120,120,110,140,https://fmplayer.net/fm-26/danilho-doekhi-37051440
Matt Doherty,Matt Doherty FM26 Profile,partial,130,120,120,130,https://fmplayer.net/fm-26/matt-doherty-52032335
Benjamín Domínguez,Benjamín Domínguez FM26 Profile,partial,130,130,160,120,https://fmplayer.net/fm-26/benjamin-dominguez-2000110081
Carlos Dominguez,Carlos Dominguez FM26 Profile,partial,130,130,130,120,https://fmplayer.net/fm-26/carlos-dominguez-2000360887
Israel Domínguez,,not_found,,,,,
Sergi Dominguez,Sergi Domínguez FM26 Profile,first_result,130,130,130,140,https://fmplayer.net/fm-26/sergi-dominguez-2000164535
Patrick Dorgu,Patrick Dorgu FM26 Profile,partial,150,160,160,150,https://fmplayer.net/fm-26/patrick-dorgu-27164470
Alfie Dorrington,Alfie Dorrington FM26 Profile,partial,80,130,130,130,https://fmplayer.net/fm-26/alfie-dorrington-2000123637
Niklas Dorsch,Niklas Dorsch FM26 Profile,partial,140,120,120,160,https://fmplayer.net/fm-26/niklas-dorsch-91144312
Alberto Dossena,Alberto Dossena FM26 Profile,partial,130,120,120,140,https://fmplayer.net/fm-26/alberto-dossena-43202417
Abdoulaye Doucouré,,not_found,,,,,
Cheick Doucouré,Cheick Doucouré FM26 Profile,partial,,,,,https://fmplayer.net/fm-26/cheick-doucoure-13194021
Sékou Doucoure,Sékou Doucoure FM26 Profile,partial,,,,70,https://fmplayer.net/fm-26/sekou-doucoure-2000128364
Guela Doué,Guéla Doué FM26 Profile,first_result,140,140,130,140,https://fmplayer.net/fm-26/guela-doue-73201428
Douglas,Douglas Santos FM26 Profile,partial,140,130,140,120,https://fmplayer.net/fm-26/douglas-santos-19187721
Issa Doumbia,Issa Doumbia FM26 Profile,partial,130,120,120,120,https://fmplayer.net/fm-26/issa-doumbia-2000023527
Amidou Doumbouya,Amidou Doumbouya FM26 Profile,partial,100,130,120,70,https://fmplayer.net/fm-26/amidou-doumbouya-2000290350
Anastasios Douvikas,Tasos Douvikas FM26 Profile,first_result,150,130,130,160,https://fmplayer.net/fm-26/tasos-douvikas-36137588
Artem Dovbyk,Artem Dovbyk FM26 Profile,partial,150,150,140,150,https://fmplayer.net/fm-26/artem-dovbyk-71099066
Flynn Downes,Flynn Downes FM26 Profile,partial,150,120,120,150,https://fmplayer.net/fm-26/flynn-downes-29156436
Tommy Doyle,Tommy Doyle FM26 Profile,partial,130,120,130,130,https://fmplayer.net/fm-26/tommy-doyle-28120038
Radu Drăgușin,Radu Drăguşin FM26 Profile,first_result,150,140,140,120,https://fmplayer.net/fm-26/radu-dragusin-57178516
Tim Drexler,Tim Drexler FM26 Profile,partial,140,150,130,150,https://fmplayer.net/fm-26/tim-drexler-2000180848
Domingos Duarte,Domingos Duarte FM26 Profile,partial,120,110,90,140,https://fmplayer.net/fm-26/domingos-duarte-55063355
Marvin Ducksch,Marvin Ducksch FM26 Profile,partial,120,100,100,100,https://fmplayer.net/fm-26/marvin-ducksch-92023402
Ondrej Duda,Ondrej Duda FM26 Profile,partial,150,110,130,150,https://fmplayer.net/fm-26/ondrej-duda-63023511
Alfred Duncan,Alfred Duncan FM26 Profile,partial,160,120,120,140,https://fmplayer.net/fm-26/alfred-duncan-43084308
Lewis Dunk,Lewis Dunk FM26 Profile,partial,150,120,100,140,https://fmplayer.net/fm-26/lewis-dunk-29036189
Jáder Durán,Jáder Obrian FM26 Profile,first_result,130,130,130,120,https://fmplayer.net/fm-26/jader-obrian-76043416
Hugo Duro,Hugo Duro FM26 Profile,partial,140,140,140,180,https://fmplayer.net/fm-26/hugo-duro-67274349
Jean-Kevin Duverne,Jean-Clair Todibo FM26 Profile,first_result,140,150,140,120,https://fmplayer.net/fm-26/jean-clair-todibo-48044499
Enzo Ebosse,Enzo Ebosse FM26 Profile,partial,130,130,120,130,https://fmplayer.net/fm-26/enzo-ebosse-48036572
Claudio Echeverri,,not_found,,,,,
Éderson,Éderson FM26 Profile,partial,170,140,130,160,https://fmplayer.net/fm-26/ederson-19326796
George Edmundson,George Edmundson FM26 Profile,partial,140,130,110,150,https://fmplayer.net/fm-26/george-edmundson-29126355
Ronnie Edwards,Ronnie Edwards FM26 Profile,partial,150,110,110,140,https://fmplayer.net/fm-26/ronnie-edwards-29243820
Johannes Eggestein,,not_found,,,,,
Maximilian Eggestein,Maximilian Eggestein FM26 Profile,partial,170,120,110,160,https://fmplayer.net/fm-26/maximilian-eggestein-91126294
Kingsley Ehizibue,Kingsley Ehizibue FM26 Profile,partial,160,180,150,150,https://fmplayer.net/fm-26/kingsley-ehizibue-37053569
Chidera Ejuke,Chidera Ejuke FM26 Profile,partial,130,160,170,110,https://fmplayer.net/fm-26/chidera-ejuke-13182752
Hugo Ekitike,Hugo Ekitiké FM26 Profile,first_result,130,160,150,130,https://fmplayer.net/fm-26/hugo-ekitike-49062667
Jurgen Ekkelenkamp,Jurgen Ekkelenkamp FM26 Profile,partial,140,120,120,140,https://fmplayer.net/fm-26/jurgen-ekkelenkamp-37064578
Caleb Ekuban,Caleb Ekuban FM26 Profile,partial,,,,,https://fmplayer.net/fm-26/caleb-ekuban-43068478
Pierre Ekwah Elimby,,not_found,,,,,
Meschak Elia,Meschack Elia FM26 Profile,first_result,130,150,160,120,https://fmplayer.net/fm-26/meschack-elia-13173388
Harvey Elliott,,not_found,,,,,
Aritz Elustondo,Aritz Elustondo FM26 Profile,partial,,,,,https://fmplayer.net/fm-26/aritz-elustondo-67190072
Nico Elvedi,Nico Elvedi FM26 Profile,partial,140,140,130,130,https://fmplayer.net/fm-26/nico-elvedi-98033057
Emanuel Emegha,,not_found,,,,,
Emerson,,not_found,,,,,
Endrick,Endrick FM26 Profile,partial,140,150,160,130,https://fmplayer.net/fm-26/endrick-2000220941
Christian Eriksen,Christian Eriksen FM26 Profile,partial,120,110,100,120,https://fmplayer.net/fm-26/christian-eriksen-27010680
Martin Erlic,Martin Erlić FM26 Profile,first_result,120,130,120,140,https://fmplayer.net/fm-26/martin-erlic-43212365
Patrick Erras,,not_found,,,,,
Alfonso Espino,Alfonso Espino FM26 Profile,partial,160,130,130,190,https://fmplayer.net/fm-26/alfonso-espino-78066692
Romain Esse,Romain Esse FM26 Profile,partial,120,130,140,110,https://fmplayer.net/fm-26/romain-esse-2000142236
Samuel Essende,Samuel Essende FM26 Profile,partial,120,150,140,150,https://fmplayer.net/fm-26/samuel-essende-48044555
Dario Essugo,Dário Essugo FM26 Profile,first_result,150,130,130,160,https://fmplayer.net/fm-26/dario-essugo-2000087400
Estanis,Estanis Pedrola FM26 Profile,partial,110,140,140,100,https://fmplayer.net/fm-26/estanis-pedrola-2000100315
Nahuel Estévez,,not_found,,,,,
Pervis Estupiñán,,not_found,,,,,
Etienne Eto'o,,not_found,,,,,
Evanilson,Evanilson FM26 Profile,partial,140,140,130,150,https://fmplayer.net/fm-26/evanilson-19342183
Jake Evans,Jake Evans FM26 Profile,partial,110,140,150,90,https://fmplayer.net/fm-26/jake-evans-2000388663
Jonny Evans,Jonny Evans FM26 Profile,partial,20,120,120,40,https://fmplayer.net/fm-26/jonny-evans-88030261
Edu Expósito,Edu Expósito FM26 Profile,partial,120,130,130,130,https://fmplayer.net/fm-26/edu-exposito-67224139
Giovanni Fabbian,Giovanni Fabbian FM26 Profile,partial,150,120,120,150,https://fmplayer.net/fm-26/giovanni-fabbian-43500245
Wout Faes,Wout Faes FM26 Profile,partial,130,120,120,120,https://fmplayer.net/fm-26/wout-faes-18083577
Nicolò Fagioli,Nicolò Fagioli FM26 Profile,partial,130,130,130,120,https://fmplayer.net/fm-26/nicolo-fagioli-43372948
Davide Faraoni,Davide Faraoni FM26 Profile,partial,120,120,120,150,https://fmplayer.net/fm-26/davide-faraoni-43008971
Abdul Fatawu Issahaku,,,,,,,
Ansu Fati,Ansu Fati FM26 Profile,partial,120,140,140,100,https://fmplayer.net/fm-26/ansu-fati-67276122
Jacopo Fazzini,Jacopo Fazzini FM26 Profile,partial,140,130,140,150,https://fmplayer.net/fm-26/jacopo-fazzini-43591640
Nabil Fekir,Nabil Fekir FM26 Profile,partial,110,90,100,100,https://fmplayer.net/fm-26/nabil-fekir-29114975
Luiz Felipe,Luiz Felipe FM26 Profile,partial,130,130,120,140,https://fmplayer.net/fm-26/luiz-felipe-19225765
Kiko Femenía,Kiko Femenía FM26 Profile,partial,140,140,140,140,https://fmplayer.net/fm-26/kiko-femenia-67063051
Evan Ferguson,Evan Ferguson FM26 Profile,partial,140,160,140,140,https://fmplayer.net/fm-26/evan-ferguson-2000120742
Lewis Ferguson,Lewis Ferguson FM26 Profile,partial,170,120,120,170,https://fmplayer.net/fm-26/lewis-ferguson-61078132
Bruno Fernandes,Bruno Fernandes FM26 Profile,partial,200,130,130,180,https://fmplayer.net/fm-26/bruno-fernandes-43124203
Mateus Fernandes,,not_found,,,,,
Enzo Fernández,Enzo Fernández FM26 Profile,partial,160,120,120,150,https://fmplayer.net/fm-26/enzo-fernandez-14229525
Pelayo Fernandez,Pelayo FM26 Profile,first_result,,,,,https://fmplayer.net/fm-26/pelayo-2000141737
Roberto Férnandez,,not_found,,,,,
Jordan Ferri,Jordan Ferri FM26 Profile,partial,120,110,110,130,https://fmplayer.net/fm-26/jordan-ferri-85003943
Daniel Fila,,not_found,,,,,
Karol Fila,Karol Fila FM26 Profile,partial,130,120,120,130,https://fmplayer.net/fm-26/karol-fila-96093091
Kilian Fischer,Kilian Fischer FM26 Profile,partial,140,150,140,160,https://fmplayer.net/fm-26/kilian-fischer-91207901
Alessandro Florenzi,Aldo Florenzi FM26 Profile,first_result,120,120,140,140,https://fmplayer.net/fm-26/aldo-florenzi-43425127
Mateo Flores,Mateo Flores FM26 Profile,partial,130,120,120,130,https://fmplayer.net/fm-26/mateo-flores-2000238106
Malick Fofana,Malick Fofana FM26 Profile,partial,110,160,160,100,https://fmplayer.net/fm-26/malick-fofana-2000107079
Seko Fofana,Séko Fofana FM26 Profile,first_result,160,130,140,160,https://fmplayer.net/fm-26/seko-fofana-85094652
Wesley Fofana,Wesley Fofana FM26 Profile,partial,160,160,150,130,https://fmplayer.net/fm-26/wesley-fofana-49037900
Youssouf Fofana,Youssouf Fofana FM26 Profile,partial,180,140,130,160,https://fmplayer.net/fm-26/youssouf-fofana-49045776
Jonas Föhrenbach,,not_found,,,,,
Lamine Fomba,,not_found,,,,,
Héctor Fort,Héctor Fort FM26 Profile,partial,130,140,140,130,https://fmplayer.net/fm-26/hector-fort-2000227977
Dimitri Foulquier,Dimitri Foulquier FM26 Profile,partial,140,150,150,160,https://fmplayer.net/fm-26/dimitri-foulquier-85045661
Juan Foyth,Juan Foyth FM26 Profile,partial,150,140,130,160,https://fmplayer.net/fm-26/juan-foyth-14186894
Alejandro Francés,,not_found,,,,,
Przemysław Frankowski,,not_found,,,,,
Davide Frattesi,,not_found,,,,,
Tyler Fredricson,Tyler Fredricson FM26 Profile,partial,120,130,120,120,https://fmplayer.net/fm-26/tyler-fredricson-2000123107
Morten Frendrup,Morten Frendrup FM26 Profile,partial,150,140,130,170,https://fmplayer.net/fm-26/morten-frendrup-27132198
Martin Frese,Martin Frese FM26 Profile,partial,130,130,130,140,https://fmplayer.net/fm-26/martin-frese-27107357
Remo Freuler,,not_found,,,,,
Marco Friedl,Marco Friedl FM26 Profile,partial,150,140,120,160,https://fmplayer.net/fm-26/marco-friedl-91143703
Marvin Friedrich,Marvin Friedrich FM26 Profile,partial,,,,,https://fmplayer.net/fm-26/marvin-friedrich-92067018
Darío Fuentes,Gabriel Fuentes FM26 Profile,first_result,140,130,130,130,https://fmplayer.net/fm-26/gabriel-fuentes-76040842
Shiō Fukuda,Shio Fukuda FM26 Profile,first_result,120,140,140,130,https://fmplayer.net/fm-26/shio-fukuda-2000142990
Niclas Füllkrug,Niclas Füllkrug FM26 Profile,partial,140,120,120,160,https://fmplayer.net/fm-26/niclas-fullkrug-92018043
Kyogo Furuhashi,Kyogo Furuhashi FM26 Profile,partial,,,,,https://fmplayer.net/fm-26/kyogo-furuhashi-45105555
Matteo Gabbia,Matteo Gabbia FM26 Profile,partial,150,130,120,130,https://fmplayer.net/fm-26/matteo-gabbia-43266774
Tommaso Gabellini,,not_found,,,,,
Tiago Gabriel,Tiago Gabriel FM26 Profile,partial,130,130,120,120,https://fmplayer.net/fm-26/tiago-gabriel-2000288426
Cody Gakpo,Cody Gakpo FM26 Profile,partial,140,140,150,130,https://fmplayer.net/fm-26/cody-gakpo-37062185
Javi Galán,,not_found,,,,,
Iñigo Ruiz de Galarreta,Íñigo Ruiz de Galarreta FM26 Profile,first_result,120,120,130,150,https://fmplayer.net/fm-26/inigo-ruiz-de-galarreta-67088157
Conor Gallagher,Conor Gallagher FM26 Profile,partial,170,130,150,190,https://fmplayer.net/fm-26/conor-gallagher-28108036
Antonino Gallo,Antonino Gallo FM26 Profile,partial,140,140,150,140,https://fmplayer.net/fm-26/antonino-gallo-43297394
Cristian Gamboa,Cristian Gamboa FM26 Profile,partial,110,140,140,60,https://fmplayer.net/fm-26/cristian-gamboa-2000105852
Idrissa Gana Gueye,Idrissa Gueye FM26 Profile,first_result,160,130,130,160,https://fmplayer.net/fm-26/idrissa-gueye-85032335
Silvère Ganvoula M'Boussy,Silvère Ganvoula FM26 Profile,first_result,120,140,110,130,https://fmplayer.net/fm-26/silvere-ganvoula-13148012
Facundo Garcés,Facundo Garcés FM26 Profile,partial,,,,,https://fmplayer.net/fm-26/facundo-garces-14187538
Aleix García,Aleix García FM26 Profile,partial,140,120,120,140,https://fmplayer.net/fm-26/aleix-garcia-67190888
Fran Garcia,Fran García FM26 Profile,first_result,160,170,160,170,https://fmplayer.net/fm-26/fran-garcia-67245235
Pablo Garcia,Pablo García FM26 Profile,first_result,130,130,140,150,https://fmplayer.net/fm-26/pablo-garcia-2000210786
Ulisses Garcia,Ulisses Garcia FM26 Profile,partial,160,140,130,140,https://fmplayer.net/fm-26/ulisses-garcia-98030499
Unai García,Unai García FM26 Profile,partial,110,110,140,110,https://fmplayer.net/fm-26/unai-garcia-2000124462
Yarek Gasiorowski,Yarek Gąsiorowski FM26 Profile,first_result,120,130,120,150,https://fmplayer.net/fm-26/yarek-gasiorowski-2000141707
Federico Gatti,Federico Gatti FM26 Profile,partial,150,130,130,160,https://fmplayer.net/fm-26/federico-gatti-43491384
Jean-Philippe Gbamin,Jean-Clair Todibo FM26 Profile,first_result,140,150,140,120,https://fmplayer.net/fm-26/jean-clair-todibo-48044499
Viggo Gebel,Viggo Gebel FM26 Profile,partial,110,120,120,150,https://fmplayer.net/fm-26/viggo-gebel-2000330436
Lutsharel Geertruida,Lutsharel Geertruida FM26 Profile,partial,140,130,130,150,https://fmplayer.net/fm-26/lutsharel-geertruida-37064720
Valentin Gendrey,Valentin Gendrey FM26 Profile,partial,140,140,150,150,https://fmplayer.net/fm-26/valentin-gendrey-49047752
Denis Genreau,Denis Genreau FM26 Profile,partial,150,120,130,140,https://fmplayer.net/fm-26/denis-genreau-15069940
Tyrique George,,not_found,,,,,
Max Geschwill,Max Geschwill FM26 Profile,partial,140,140,120,140,https://fmplayer.net/fm-26/max-geschwill-91190724
Daniele Ghilardi,Daniele Ghilardi FM26 Profile,partial,130,130,110,140,https://fmplayer.net/fm-26/daniele-ghilardi-43500332
Lautaro Gianetti,Lautaro Martínez FM26 Profile,first_result,190,150,150,180,https://fmplayer.net/fm-26/lautaro-martinez-14110660
Dimitris Giannoulis,Dimitris Giannoulis FM26 Profile,partial,140,160,150,160,https://fmplayer.net/fm-26/dimitris-giannoulis-36078574
Morgan Gibbs-White,Liam Gibbs FM26 Profile,first_result,130,130,130,140,https://fmplayer.net/fm-26/liam-gibbs-29233183
Samuel Gigot,Samuel Gigot FM26 Profile,partial,120,120,110,120,https://fmplayer.net/fm-26/samuel-gigot-48031358
Armin Gigovic,Armin Gigović FM26 Profile,first_result,150,120,130,140,https://fmplayer.net/fm-26/armin-gigovic-93122308
Mario Gila,Mario Gila FM26 Profile,partial,150,150,150,140,https://fmplayer.net/fm-26/mario-gila-67277455
Billy Gilmour,Billy Gilmour FM26 Profile,partial,,,,,https://fmplayer.net/fm-26/billy-gilmour-61078265
Benedikt Gimber,Benedikt Gimber FM26 Profile,partial,140,120,110,170,https://fmplayer.net/fm-26/benedikt-gimber-91132290
Santiago Giménez,,not_found,,,,,
Gvidas Gineitis,Gvidas Gineitis FM26 Profile,partial,140,140,130,130,https://fmplayer.net/fm-26/gvidas-gineitis-47102498
Matthias Ginter,Matthias Ginter FM26 Profile,partial,120,120,110,120,https://fmplayer.net/fm-26/matthias-ginter-91107789
Ben Godfrey,Ben Godfrey FM26 Profile,partial,140,150,130,170,https://fmplayer.net/fm-26/ben-godfrey-29142372
Saba Goglichidze,,not_found,,,,,
Edoardo Goldaniga,Edoardo Goldaniga FM26 Profile,partial,140,120,110,140,https://fmplayer.net/fm-26/edoardo-goldaniga-43080121
Michael Golding,Michael Golding FM26 Profile,partial,120,120,140,100,https://fmplayer.net/fm-26/michael-golding-2000184620
André Gomes,André Gomes FM26 Profile,partial,100,100,80,140,https://fmplayer.net/fm-26/andre-gomes-55027994
Angel Gomes,Angel Gomes FM26 Profile,partial,120,130,130,140,https://fmplayer.net/fm-26/angel-gomes-28109888
João Gomes,João Gomes FM26 Profile,partial,130,130,130,160,https://fmplayer.net/fm-26/joao-gomes-19371031
Toti Gomes,Toti FM26 Profile,first_result,140,140,140,120,https://fmplayer.net/fm-26/toti-83228401
Dani Gómez,Dani Gómez FM26 Profile,partial,130,130,140,130,https://fmplayer.net/fm-26/dani-gomez-67231837
Diego Gómez,Diego Gómez FM26 Profile,partial,130,130,130,160,https://fmplayer.net/fm-26/diego-gomez-2000036372
Joe Gomez,Joe Gomez FM26 Profile,partial,150,160,160,140,https://fmplayer.net/fm-26/joe-gomez-29115800
Sergi Gómez,Sergi Gómez FM26 Profile,partial,120,110,100,120,https://fmplayer.net/fm-26/sergi-gomez-67071183
Fabio González,Fabio González FM26 Profile,partial,70,130,120,110,https://fmplayer.net/fm-26/fabio-gonzalez-2000077048
Nicolás González,Nicolás González FM26 Profile,partial,130,160,150,140,https://fmplayer.net/fm-26/nicolas-gonzalez-14181375
Urko González,Urko González FM26 Profile,partial,150,130,120,130,https://fmplayer.net/fm-26/urko-gonzalez-2000058330
Andoni Gorosabel,Andoni Gorosabel FM26 Profile,partial,140,140,140,160,https://fmplayer.net/fm-26/andoni-gorosabel-67202652
Robin Gosens,Robin Gosens FM26 Profile,partial,150,140,130,180,https://fmplayer.net/fm-26/robin-gosens-37041773
Lucas Gourna-Douath,Lucas Ocampos FM26 Profile,first_result,140,150,140,170,https://fmplayer.net/fm-26/lucas-ocampos-14031132
Jeffrey Gouweleeuw,Jeffrey Gouweleeuw FM26 Profile,partial,120,130,120,130,https://fmplayer.net/fm-26/jeffrey-gouweleeuw-37004721
Jonathan Gradit,Jonathan Gradit FM26 Profile,partial,150,130,120,170,https://fmplayer.net/fm-26/jonathan-gradit-85052254
José Gragera,José Gragera FM26 Profile,partial,130,120,110,120,https://fmplayer.net/fm-26/jose-gragera-67263880
Alberto Grassi,Alberto Grassi FM26 Profile,partial,130,120,120,150,https://fmplayer.net/fm-26/alberto-grassi-43081383
Ryan Gravenberch,,not_found,,,,,
Jacob Greaves,Jacob Greaves FM26 Profile,partial,160,130,120,150,https://fmplayer.net/fm-26/jacob-greaves-28113416
Michael Gregoritsch,Michael Gregoritsch FM26 Profile,partial,120,120,100,130,https://fmplayer.net/fm-26/michael-gregoritsch-16045723
Florian Grillitsch,Florian Grillitsch FM26 Profile,partial,150,130,110,120,https://fmplayer.net/fm-26/florian-grillitsch-16096614
Álex Grimaldo,,not_found,,,,,
Sergi Guardiola,Sergi Guardiola FM26 Profile,partial,100,100,90,140,https://fmplayer.net/fm-26/sergi-guardiola-67138759
Gabriel Gudmundsson,Gabriel Gudmundsson FM26 Profile,partial,140,150,160,140,https://fmplayer.net/fm-26/gabriel-gudmundsson-93065006
Axel Gueguin,Axel Guéguin FM26 Profile,first_result,130,100,110,80,https://fmplayer.net/fm-26/axel-gueguin-2000166495
Marc Guéhi,Marc Guéhi FM26 Profile,partial,150,140,150,140,https://fmplayer.net/fm-26/marc-guehi-28108033
Mattéo Guendouzi,Mattéo Guendouzi FM26 Profile,partial,170,140,140,170,https://fmplayer.net/fm-26/matteo-guendouzi-48037391
Javier Guerra,Javier Guerra FM26 Profile,partial,100,110,110,100,https://fmplayer.net/fm-26/javier-guerra-2000240547
Ander Guevara,Ander Guevara FM26 Profile,partial,160,110,120,160,https://fmplayer.net/fm-26/ander-guevara-67246381
Pape Gueye,Pape Guèye FM26 Profile,first_result,150,150,150,170,https://fmplayer.net/fm-26/pape-gueye-48043484
Frederic Guilbert,,not_found,,,,,
Hugo Guillamón,Hugo Guillamón FM26 Profile,partial,140,110,130,120,https://fmplayer.net/fm-26/hugo-guillamon-67258817
Bruno Guimarães,Bruno Guimarães FM26 Profile,partial,170,110,130,160,https://fmplayer.net/fm-26/bruno-guimaraes-19297055
Carlos Guirao,Carlos Guirao FM26 Profile,partial,130,120,120,120,https://fmplayer.net/fm-26/carlos-guirao-2000299693
Serhou Guirassy,Serhou Guirassy FM26 Profile,partial,130,130,130,150,https://fmplayer.net/fm-26/serhou-guirassy-85111795
Marc Guiu,Marc Guiu FM26 Profile,partial,110,140,130,90,https://fmplayer.net/fm-26/marc-guiu-2000228120
Gerard Gumbau,Gerard Gumbau FM26 Profile,partial,130,100,80,150,https://fmplayer.net/fm-26/gerard-gumbau-67207185
Robert Gumny,,not_found,,,,,
İlkay Gündoğan,İlkay Gündoğan FM26 Profile,partial,90,90,110,130,https://fmplayer.net/fm-26/ilkay-gundogan-91003875
Christian Günter,Christian Günter FM26 Profile,partial,150,160,140,160,https://fmplayer.net/fm-26/christian-gunter-91105585
Gorka Guruzeta,Gorka Guruzeta FM26 Profile,partial,150,130,130,150,https://fmplayer.net/fm-26/gorka-guruzeta-67200930
Malo Gusto,Malo Gusto FM26 Profile,partial,150,160,170,170,https://fmplayer.net/fm-26/malo-gusto-49056280
Joško Gvardiol,Joško Gvardiol FM26 Profile,partial,,,,,https://fmplayer.net/fm-26/josko-gvardiol-24060473
Christian Gytkjær,Christian Gytkjær FM26 Profile,partial,130,100,100,80,https://fmplayer.net/fm-26/christian-gytkjaer-27000596
Erling Haaland,,not_found,,,,,
Nicolas Haas,Nicolas Haas FM26 Profile,partial,120,130,120,140,https://fmplayer.net/fm-26/nicolas-haas-98033333
Saad El Haddad,Saad El Haddad FM26 Profile,partial,110,130,130,110,https://fmplayer.net/fm-26/saad-el-haddad-2000125342
Amadou Haidara,Amadou Haïdara FM26 Profile,first_result,160,120,130,160,https://fmplayer.net/fm-26/amadou-haidara-16199711
Massadio Haïdara,Massadio Haïdara FM26 Profile,partial,140,140,140,160,https://fmplayer.net/fm-26/massadio-haidara-85078879
Mohamed Haj,Mohamed Anas Haj FM26 Profile,first_result,100,140,130,100,https://fmplayer.net/fm-26/mohamed-anas-haj-2000115189
Achraf Hakimi,Achraf Hakimi FM26 Profile,partial,180,180,180,140,https://fmplayer.net/fm-26/achraf-hakimi-67228634
Lewis Hall,Lewis Hall FM26 Profile,partial,140,140,140,150,https://fmplayer.net/fm-26/lewis-hall-2000108691
Sébastien Haller,Sébastien Haller FM26 Profile,partial,110,130,110,120,https://fmplayer.net/fm-26/sebastien-haller-85051578
Ali Al Hamadi,Ali Al-Hamadi FM26 Profile,first_result,130,160,150,140,https://fmplayer.net/fm-26/ali-al-hamadi-29218499
Andreas Hanche-Olsen,,not_found,,,,,
Florent Hanin,Florent Hanin FM26 Profile,partial,130,130,130,110,https://fmplayer.net/fm-26/florent-hanin-85058541
Ridgeciano Haps,Ridgeciano Haps FM26 Profile,partial,130,150,130,130,https://fmplayer.net/fm-26/ridgeciano-haps-37020712
Amine Harit,Amine Harit FM26 Profile,partial,120,140,150,120,https://fmplayer.net/fm-26/amine-harit-85137101
Marcus Harness,Marcus Harness FM26 Profile,partial,130,140,140,140,https://fmplayer.net/fm-26/marcus-harness-29114690
Phil Harres,Phil Harres FM26 Profile,partial,140,150,140,160,https://fmplayer.net/fm-26/phil-harres-2000071444
Jack Harrison,Jack Harrison FM26 Profile,partial,170,140,140,140,https://fmplayer.net/fm-26/jack-harrison-72045910
Taylor Harwood-Bellis,Connor Harwood FM26 Profile,first_result,90,110,130,60,https://fmplayer.net/fm-26/connor-harwood-74048735
Hans Hateboer,Hans Hateboer FM26 Profile,partial,140,140,140,150,https://fmplayer.net/fm-26/hans-hateboer-37046941
Ayden Heaven,Ayden Heaven FM26 Profile,partial,140,150,140,130,https://fmplayer.net/fm-26/ayden-heaven-2000301027
Jan Paul van Hecke,Jan Paul van Hecke FM26 Profile,partial,140,130,120,140,https://fmplayer.net/fm-26/jan-paul-van-hecke-37076335
Liam Henderson,Liam Henderson FM26 Profile,partial,140,130,120,140,https://fmplayer.net/fm-26/liam-henderson-61058564
Ramon Hendriks,Ramon Hendriks FM26 Profile,partial,140,160,130,160,https://fmplayer.net/fm-26/ramon-hendriks-37065561
Paul Hennrich,Paul Hennrich FM26 Profile,partial,120,140,140,130,https://fmplayer.net/fm-26/paul-hennrich-2000197375
Benjamin Henrichs,Benjamin Henrichs FM26 Profile,partial,150,140,130,150,https://fmplayer.net/fm-26/benjamin-henrichs-91132680
Henrique,Caio Henrique FM26 Profile,partial,140,150,150,130,https://fmplayer.net/fm-26/caio-henrique-19258927
Rico Henry,Rico Henry FM26 Profile,partial,140,160,160,150,https://fmplayer.net/fm-26/rico-henry-29129073
Mario Hermoso,Mario Hermoso FM26 Profile,partial,140,140,130,160,https://fmplayer.net/fm-26/mario-hermoso-67196188
Javi Hernández,Javi Hernández FM26 Profile,partial,140,140,120,130,https://fmplayer.net/fm-26/javi-hernandez-67245229
Aridane Hernández,Aridane Hernández FM26 Profile,partial,140,80,80,140,https://fmplayer.net/fm-26/aridane-hernandez-67006487
Lucas Hernández,Lucas Hernández FM26 Profile,partial,140,130,130,150,https://fmplayer.net/fm-26/lucas-hernandez-67197145
Theo Hernández,Théo Hernández FM26 Profile,first_result,160,170,160,130,https://fmplayer.net/fm-26/theo-hernandez-67211695
Hernani,,not_found,,,,,
Jorge Herrando,Jorge Herrando FM26 Profile,partial,130,100,100,120,https://fmplayer.net/fm-26/jorge-herrando-67267209
Ander Herrera,Ander Herrera FM26 Profile,partial,120,80,90,150,https://fmplayer.net/fm-26/ander-herrera-67009261
Yangel Herrera,Yangel Herrera FM26 Profile,partial,160,130,140,150,https://fmplayer.net/fm-26/yangel-herrera-86047272
Juan Herzog,,not_found,,,,,
Son Heung-min,Heung Pak Qiu FM26 Profile,first_result,30,130,140,50,https://fmplayer.net/fm-26/heung-pak-qiu-2000400755
Isak Hien,Isak Hien FM26 Profile,partial,160,150,140,140,https://fmplayer.net/fm-26/isak-hien-93083839
Omar El Hilali,Omar El Hilali FM26 Profile,partial,140,130,140,130,https://fmplayer.net/fm-26/omar-el-hilali-2000049425
James Hill,James Hill FM26 Profile,partial,140,130,140,130,https://fmplayer.net/fm-26/james-hill-29217706
Piero Hincapié,Piero Hincapié FM26 Profile,partial,,,,,https://fmplayer.net/fm-26/piero-hincapie-86066853
Roger Hinojo,Roger Hinojo FM26 Profile,partial,,,,,https://fmplayer.net/fm-26/roger-hinojo-2000299758
George Hirst,,not_found,,,,,
Ki-Jana Hoever,Delicio Hoever FM26 Profile,first_result,110,80,80,100,https://fmplayer.net/fm-26/delicio-hoever-2000450005
Nicolas Höfler,,not_found,,,,,
Philipp Hofmann,,not_found,,,,,
Emil Holm,,not_found,,,,,
Lewis Holtby,Lewis Holtby FM26 Profile,partial,160,100,110,160,https://fmplayer.net/fm-26/lewis-holtby-91000734
Franck Honorat,Franck Honorat FM26 Profile,partial,140,150,150,140,https://fmplayer.net/fm-26/franck-honorat-48036785
Cédric Hountondji,,not_found,,,,,
Harry Howell,Harry Howell FM26 Profile,partial,130,130,140,120,https://fmplayer.net/fm-26/harry-howell-2000375174
Robin Hranáč,Robin Hranáč FM26 Profile,partial,120,150,130,150,https://fmplayer.net/fm-26/robin-hranac-2000061565
Will Hughes,Will Hughes FM26 Profile,partial,140,110,90,160,https://fmplayer.net/fm-26/will-hughes-29086005
Dean Huijsen,Dean Huijsen FM26 Profile,partial,130,130,120,140,https://fmplayer.net/fm-26/dean-huijsen-2000109240
Mats Hummels,Oliver Hummelshøj FM26 Profile,first_result,30,120,120,50,https://fmplayer.net/fm-26/oliver-hummelshoj-2000373665
Elseid Hysaj,Elseid Hysaj FM26 Profile,partial,120,130,130,140,https://fmplayer.net/fm-26/elseid-hysaj-43083951
Hong Hyunseok,Hong Yun-Sang FM26 Profile,first_result,120,130,140,140,https://fmplayer.net/fm-26/hong-yun-sang-2000079007
Pierre Højbjerg,Pierre-Emile Højbjerg FM26 Profile,first_result,160,140,110,170,https://fmplayer.net/fm-26/pierre-emile-hojbjerg-27058392
Oscar Højlund,,not_found,,,,,
Rasmus Højlund,Rasmus Højlund FM26 Profile,partial,150,170,150,160,https://fmplayer.net/fm-26/rasmus-hojlund-27160181
Pablo Ibáñez,Pablo Ibáñez FM26 Profile,partial,90,110,120,90,https://fmplayer.net/fm-26/pablo-ibanez-2000230156
Hafiz Ibrahim,,not_found,,,,,
Arijon Ibrahimović,Arijon Ibrahimović FM26 Profile,partial,,,,,https://fmplayer.net/fm-26/arijon-ibrahimovic-2000114473
Jay Idzes,,not_found,,,,,
Iglesias,Borja Iglesias FM26 Profile,partial,120,130,120,160,https://fmplayer.net/fm-26/borja-iglesias-67173048
Borja Iglesias,Borja Iglesias FM26 Profile,partial,120,130,120,160,https://fmplayer.net/fm-26/borja-iglesias-67173048
Igor,Igor FM26 Profile,partial,150,140,140,140,https://fmplayer.net/fm-26/igor-16199713
Kelechi Iheanacho,Kelechi Iheanacho FM26 Profile,partial,120,140,130,100,https://fmplayer.net/fm-26/kelechi-iheanacho-13136621
Jonathan Ikone,,not_found,,,,,
George Ilenikhena,George Ilenikhena FM26 Profile,partial,110,140,130,120,https://fmplayer.net/fm-26/george-ilenikhena-2000214136
Andrej Ilic,,not_found,,,,,
Ivan Ilić,,not_found,,,,,
Rareş Ilie,Rareş Ilie FM26 Profile,partial,,,,,https://fmplayer.net/fm-26/rares-ilie-2000045306
Tim Iroegbunam,,not_found,,,,,
Jackson Irvine,Jackson Irvine FM26 Profile,partial,,,,,https://fmplayer.net/fm-26/jackson-irvine-61041668
Andy Irving,Andy Irving FM26 Profile,partial,130,130,110,130,https://fmplayer.net/fm-26/andy-irving-61078171
Alexander Isak,,not_found,,,,,
Gustav Isaksen,Gustav Isaksen FM26 Profile,partial,,,,,https://fmplayer.net/fm-26/gustav-isaksen-27129146
Isco,Isco FM26 Profile,partial,130,110,120,120,https://fmplayer.net/fm-26/isco-67103537
Ismaily,Ismaily FM26 Profile,partial,120,130,120,170,https://fmplayer.net/fm-26/ismaily-19108573
Ardian Ismajli,Ardian Ismajli FM26 Profile,partial,130,130,120,140,https://fmplayer.net/fm-26/ardian-ismajli-24052869
Ko Itakura,,not_found,,,,,
Hiroki Ito,Hiroki Ito FM26 Profile,partial,,,,,https://fmplayer.net/fm-26/hiroki-ito-45109024
Diego Iturralde,,not_found,,,,,
Marko Ivezić,Marko Ivezić FM26 Profile,partial,,,,,https://fmplayer.net/fm-26/marko-ivezic-2000107265
Armando Izzo,Armando Izzo FM26 Profile,partial,120,140,130,130,https://fmplayer.net/fm-26/armando-izzo-43093074
Fellipe Jack,Fellipe Jack FM26 Profile,partial,110,100,100,80,https://fmplayer.net/fm-26/fellipe-jack-2000221615
Nicolas Jackson,Nicolas Jackson FM26 Profile,partial,150,160,160,160,https://fmplayer.net/fm-26/nicolas-jackson-12087972
Jérémy Jacquet,Jérémy Jacquet FM26 Profile,partial,130,130,130,130,https://fmplayer.net/fm-26/jeremy-jacquet-2000094886
Lee Jae-sung,Lee Myung-Jae FM26 Profile,first_result,130,130,130,130,https://fmplayer.net/fm-26/lee-myung-jae-66032045
Ivan Jaime Pajuelo,Ángel Pajuelo FM26 Profile,first_result,80,80,80,130,https://fmplayer.net/fm-26/angel-pajuelo-67014605
Kristijan Jakić,,not_found,,,,,
Ismail Jakobs,Ismail Jakobs FM26 Profile,partial,150,170,140,150,https://fmplayer.net/fm-26/ismail-jakobs-91184349
Jordan James,Jordan James FM26 Profile,partial,130,130,120,160,https://fmplayer.net/fm-26/jordan-james-2000045039
Vitaly Janelt,Vitaly Janelt FM26 Profile,partial,150,120,120,160,https://fmplayer.net/fm-26/vitaly-janelt-91143519
Luca Jaquez,,not_found,,,,,
Mikel Jauregizar,,not_found,,,,,
Gaby Jean,Gaby Jean FM26 Profile,partial,,,,,https://fmplayer.net/fm-26/gaby-jean-2000029896
Daniel Jebbison,Daniel Jebbison FM26 Profile,partial,130,140,150,110,https://fmplayer.net/fm-26/daniel-jebbison-28128172
Finn Jeltsch,,not_found,,,,,
Malcolm Jeng,Malcolm Jeng FM26 Profile,partial,120,120,120,140,https://fmplayer.net/fm-26/malcolm-jeng-2000202178
Fredrik Jensen,Fredrik Jensen FM26 Profile,partial,130,140,130,160,https://fmplayer.net/fm-26/fredrik-jensen-33049957
Mathias Jensen,Mathias Jensen FM26 Profile,partial,130,120,120,150,https://fmplayer.net/fm-26/mathias-jensen-27088231
Moritz Jenz,Moritz Jenz FM26 Profile,partial,120,140,120,150,https://fmplayer.net/fm-26/moritz-jenz-29162924
Gabriel Jesus,Gabriel Jesus FM26 Profile,partial,130,130,140,180,https://fmplayer.net/fm-26/gabriel-jesus-19220266
Juan Jesus,Juan Jesus FM26 Profile,partial,150,140,140,170,https://fmplayer.net/fm-26/juan-jesus-19042304
Raúl Jiménez,Raúl Jiménez FM26 Profile,partial,120,130,130,160,https://fmplayer.net/fm-26/raul-jimenez-51013463
Kim Jisoo,Kim Min-Jae FM26 Profile,first_result,130,140,140,160,https://fmplayer.net/fm-26/kim-min-jae-89063073
Þórir Jóhann Helgason,,not_found,,,,,
Carl Johansson,Carl Johansson FM26 Profile,partial,110,140,110,140,https://fmplayer.net/fm-26/carl-johansson-93053253
Brennan Johnson,,not_found,,,,,
Paul Joly,Paul Joly FM26 Profile,partial,150,130,130,140,https://fmplayer.net/fm-26/paul-joly-49054998
Frenkie de Jong,Frenkie de Jong FM26 Profile,partial,150,130,130,130,https://fmplayer.net/fm-26/frenkie-de-jong-37047745
Joan Jordán,Joan Jordán FM26 Profile,partial,120,120,130,130,https://fmplayer.net/fm-26/joan-jordan-67187249
Jorginho,Jorginho FM26 Profile,partial,130,100,100,150,https://fmplayer.net/fm-26/jorginho-43036641
Diogo Jota,Jota FM26 Profile,first_result,130,130,140,110,https://fmplayer.net/fm-26/jota-83111421
Juanpe,,not_found,,,,,
Jubal,Jubal FM26 Profile,partial,140,130,120,130,https://fmplayer.net/fm-26/jubal-19172374
Anthony Jung,Anthony Jung FM26 Profile,partial,140,120,120,160,https://fmplayer.net/fm-26/anthony-jung-92021650
Hamed Junior Traorè,Hamed Traoré FM26 Profile,first_result,120,130,130,130,https://fmplayer.net/fm-26/hamed-traore-43317933
Vinicius Júnior,,not_found,,,,,
David Jurásek,David Jurásek FM26 Profile,partial,150,160,140,150,https://fmplayer.net/fm-26/david-jurasek-25062133
Stanko Jurić,Stanko Jurić FM26 Profile,partial,160,120,100,170,https://fmplayer.net/fm-26/stanko-juric-24050201
James Justin,James Justin FM26 Profile,partial,140,130,140,140,https://fmplayer.net/fm-26/james-justin-29140167
Mohamed Kaba,,not_found,,,,,
Almugera Kabar,Almugera Kabar FM26 Profile,partial,130,160,140,150,https://fmplayer.net/fm-26/almugera-kabar-2000180861
Christian Kabasele,Christian Kabasele FM26 Profile,partial,140,140,130,140,https://fmplayer.net/fm-26/christian-kabasele-18023431
Pavel Kadeřábek,Pavel Kadeřábek FM26 Profile,partial,150,120,130,170,https://fmplayer.net/fm-26/pavel-kaderabek-25019787
Pierre Kalulu,Pierre Kalulu FM26 Profile,partial,150,150,160,140,https://fmplayer.net/fm-26/pierre-kalulu-49045184
Daichi Kamada,Daichi Kamada FM26 Profile,partial,130,130,120,130,https://fmplayer.net/fm-26/daichi-kamada-45092714
Boubacar Kamara,Boubacar Kamara FM26 Profile,partial,160,150,140,160,https://fmplayer.net/fm-26/boubacar-kamara-48043084
Glen Kamara,Glen Kamara FM26 Profile,partial,140,120,140,130,https://fmplayer.net/fm-26/glen-kamara-28084932
Hassane Kamara,Hassane Kamara FM26 Profile,partial,140,140,160,140,https://fmplayer.net/fm-26/hassane-kamara-85057778
Noham Kamara,Noham Kamara FM26 Profile,partial,50,130,130,80,https://fmplayer.net/fm-26/noham-kamara-2000386313
Willy Kambwala,Willy Kambwala FM26 Profile,partial,150,170,160,130,https://fmplayer.net/fm-26/willy-kambwala-2000006158
Kevin Kampl,Kevin Kampl FM26 Profile,partial,160,110,120,160,https://fmplayer.net/fm-26/kevin-kampl-91005023
Nordine Kandil,Nordine Kandil FM26 Profile,partial,120,120,130,120,https://fmplayer.net/fm-26/nordine-kandil-49055078
Harry Kane,Harry Kane FM26 Profile,partial,160,130,120,120,https://fmplayer.net/fm-26/harry-kane-28049320
Atakan Karazor,Atakan Karazor FM26 Profile,partial,160,120,110,160,https://fmplayer.net/fm-26/atakan-karazor-92074021
Jesper Karlsson,Jesper Karlsson FM26 Profile,partial,120,130,140,90,https://fmplayer.net/fm-26/jesper-karlsson-93070929
Jesper Karlström,Jesper Karlström FM26 Profile,partial,150,120,120,160,https://fmplayer.net/fm-26/jesper-karlstrom-93052050
Mikkel Kaufmann,Mikkel Kaufmann FM26 Profile,partial,130,160,140,160,https://fmplayer.net/fm-26/mikkel-kaufmann-27137320
Joachim Kayi Sanda,Joachim Kayi Sanda FM26 Profile,partial,120,130,150,100,https://fmplayer.net/fm-26/joachim-kayi-sanda-2000280572
Michael Kayode,Michael Kayode FM26 Profile,partial,140,150,150,150,https://fmplayer.net/fm-26/michael-kayode-2000023588
Moise Kean,Moise Kean FM26 Profile,partial,150,150,160,130,https://fmplayer.net/fm-26/moise-kean-43274977
Michael Keane,Michael Keane FM26 Profile,partial,130,120,100,130,https://fmplayer.net/fm-26/michael-keane-28047558
Thilo Kehrer,Thilo Kehrer FM26 Profile,partial,140,140,130,130,https://fmplayer.net/fm-26/thilo-kehrer-91126230
Mandela Keita,Mandela Keita FM26 Profile,partial,,,,,https://fmplayer.net/fm-26/mandela-keita-18116036
Yannik Keitel,,not_found,,,,,
Lloyd Kelly,,not_found,,,,,
Aljoscha Kemlein,Aljoscha Kemlein FM26 Profile,partial,170,120,110,160,https://fmplayer.net/fm-26/aljoscha-kemlein-2000154161
Marc-Oliver Kempf,Karl Kempf FM26 Profile,first_result,60,110,130,70,https://fmplayer.net/fm-26/karl-kempf-2000332524
Milos Kerkez,Miloš Kerkez FM26 Profile,first_result,160,150,160,170,https://fmplayer.net/fm-26/milos-kerkez-2000011147
Rani Khedira,Rani Khedira FM26 Profile,partial,160,120,100,160,https://fmplayer.net/fm-26/rani-khedira-92017509
Abdukodir Khusanov,Abdukodir Khusanov FM26 Profile,partial,140,160,170,140,https://fmplayer.net/fm-26/abdukodir-khusanov-2000168014
Kialonda,Kialonda Gaspar FM26 Profile,partial,130,130,120,140,https://fmplayer.net/fm-26/kialonda-gaspar-95080787
Kiké,Kike Salas FM26 Profile,first_result,140,140,130,130,https://fmplayer.net/fm-26/kike-salas-2000165617
Max Kilman,Max Kilman FM26 Profile,partial,130,140,130,120,https://fmplayer.net/fm-26/max-kilman-29142052
Joshua Kimmich,Joshua Kimmich FM26 Profile,partial,180,130,120,180,https://fmplayer.net/fm-26/joshua-kimmich-92039023
Presnel Kimpembe,Presnel Kimpembe FM26 Profile,partial,110,120,110,130,https://fmplayer.net/fm-26/presnel-kimpembe-85141999
Joshua King,Joshua King FM26 Profile,partial,110,130,140,130,https://fmplayer.net/fm-26/joshua-king-53020695
Cédric Kipré,Cédric Kipré FM26 Profile,partial,130,130,110,120,https://fmplayer.net/fm-26/cedric-kipre-28100212
Jakub Kiwior,Jakub Kiwior FM26 Profile,partial,140,140,150,140,https://fmplayer.net/fm-26/jakub-kiwior-96102946
Tim Kleindienst,,not_found,,,,,
Lukas Klostermann,,not_found,,,,,
Justin Kluivert,Justin Kluivert FM26 Profile,partial,120,160,170,130,https://fmplayer.net/fm-26/justin-kluivert-37055841
Magnus Knudsen,Magnus Knudsen FM26 Profile,partial,160,130,120,160,https://fmplayer.net/fm-26/magnus-knudsen-53168548
Robin Koch,Robin Koch FM26 Profile,partial,130,140,120,160,https://fmplayer.net/fm-26/robin-koch-91147345
Magnus Kofod Andersen,Magnus Kofod Andersen FM26 Profile,partial,,,,,https://fmplayer.net/fm-26/magnus-kofod-andersen-27128908
Koka,,not_found,,,,,
Koke,Koke FM26 Profile,partial,100,90,100,150,https://fmplayer.net/fm-26/koke-67047092
Sead Kolašinac,,not_found,,,,,
Randal Kolo Muani,Randal Kolo Muani FM26 Profile,partial,140,160,170,130,https://fmplayer.net/fm-26/randal-kolo-muani-48043873
Marco Komenda,Marco Komenda FM26 Profile,partial,130,130,130,120,https://fmplayer.net/fm-26/marco-komenda-92072588
Mert Kömür,Mert Kömür FM26 Profile,partial,150,120,120,120,https://fmplayer.net/fm-26/mert-komur-2000180850
Ibrahima Konaté,Ibrahima Konaté FM26 Profile,partial,140,150,140,150,https://fmplayer.net/fm-26/ibrahima-konate-48037822
Abdoul Koné,Abdoul Koné FM26 Profile,partial,120,140,120,120,https://fmplayer.net/fm-26/abdoul-kone-2000277534
Amadou Koné,Amadou Koné FM26 Profile,partial,140,130,120,140,https://fmplayer.net/fm-26/amadou-kone-2000279637
Manu Koné,Manu Koné FM26 Profile,partial,170,150,150,170,https://fmplayer.net/fm-26/manu-kone-49047182
Ezri Konsa,Ezri Konsa FM26 Profile,partial,150,140,150,160,https://fmplayer.net/fm-26/ezri-konsa-29141827
Kacper Koscierski,Kacper Kościerski FM26 Profile,first_result,130,140,140,130,https://fmplayer.net/fm-26/kacper-koscierski-2000259401
Odilon Kossounou,Odilon Kossounou FM26 Profile,partial,140,160,140,140,https://fmplayer.net/fm-26/odilon-kossounou-93127195
Henri Koudossou,Henri Koudossou FM26 Profile,partial,140,150,130,140,https://fmplayer.net/fm-26/henri-koudossou-2000037914
Konstantinos Koulierakis,Kostas Koulierakis FM26 Profile,first_result,120,130,130,130,https://fmplayer.net/fm-26/kostas-koulierakis-36159445
Emmanuel Koum Mbondo,Mutamba Mbondo FM26 Profile,first_result,110,130,140,90,https://fmplayer.net/fm-26/mutamba-mbondo-98054652
Jules Koundé,Jules Koundé FM26 Profile,partial,160,150,150,160,https://fmplayer.net/fm-26/jules-kounde-48036304
Boubakar Kouyaté,Boubakar Camara FM26 Profile,first_result,80,130,130,90,https://fmplayer.net/fm-26/boubakar-camara-49060901
Mateo Kovačić,Mateo Kovačić FM26 Profile,partial,140,140,150,170,https://fmplayer.net/fm-26/mateo-kovacic-24016925
Viktor Kovalenko,Viktor Kovalenko FM26 Profile,partial,130,140,130,130,https://fmplayer.net/fm-26/viktor-kovalenko-71075944
Mateusz Kowalski,Mateusz Kowalski FM26 Profile,partial,110,120,110,110,https://fmplayer.net/fm-26/mateusz-kowalski-2000212891
Goduine Koyalipou,Goduine Koyalipou FM26 Profile,partial,120,140,140,110,https://fmplayer.net/fm-26/goduine-koyalipou-49037548
Caleb Kporha,Caleb Kporha FM26 Profile,partial,120,130,140,110,https://fmplayer.net/fm-26/caleb-kporha-2000216101
Emil Krafth,Emil Krafth FM26 Profile,partial,140,150,140,150,https://fmplayer.net/fm-26/emil-krafth-93031462
Alex Král,Alex Král FM26 Profile,partial,160,130,120,150,https://fmplayer.net/fm-26/alex-kral-25045644
Tom Krauß,Tom Krauß FM26 Profile,partial,150,130,120,180,https://fmplayer.net/fm-26/tom-krauss-91177336
Ladislav Krejčí,Ladislav Krejčí FM26 Profile,partial,160,130,130,170,https://fmplayer.net/fm-26/ladislav-krejci-25055083
Rasmus Kristensen,Rasmus Kristensen FM26 Profile,partial,150,140,130,180,https://fmplayer.net/fm-26/rasmus-kristensen-27100968
Thomas Kristensen,Thomas Kristensen FM26 Profile,partial,130,130,110,140,https://fmplayer.net/fm-26/thomas-kristensen-2000005988
Nikola Krstović,Nikola Krstović FM26 Profile,partial,140,130,140,150,https://fmplayer.net/fm-26/nikola-krstovic-62195758
Lukas Kübler,Lukas Kübler FM26 Profile,partial,150,150,130,150,https://fmplayer.net/fm-26/lukas-kubler-91101321
Sael Kumbedi,Saël Kumbedi FM26 Profile,first_result,130,150,160,140,https://fmplayer.net/fm-26/sael-kumbedi-2000104915
Marash Kumbulla,Marash Kumbulla FM26 Profile,partial,140,120,110,150,https://fmplayer.net/fm-26/marash-kumbulla-43296495
Jonah Kusi-Asare,Samuel Kusi FM26 Profile,first_result,70,160,180,120,https://fmplayer.net/fm-26/samuel-kusi-2000144525
Daler Kuzyaev,Daler Kuzyaev FM26 Profile,partial,140,140,120,130,https://fmplayer.net/fm-26/daler-kuzyaev-58090284
Giorgos Kyriakopoulos,Giorgos Kyriakopoulos FM26 Profile,partial,140,140,130,140,https://fmplayer.net/fm-26/giorgos-kyriakopoulos-36090959
Luca de la Torre,Luca De La Torre FM26 Profile,partial,140,130,120,150,https://fmplayer.net/fm-26/luca-de-la-torre-29141175
Gaëtan Laborde,Gaëtan Laborde FM26 Profile,partial,150,120,110,170,https://fmplayer.net/fm-26/gaetan-laborde-85075725
Alexandre Lacazette,Alexandre Lacazette FM26 Profile,partial,110,110,110,130,https://fmplayer.net/fm-26/alexandre-lacazette-34011687
Maxence Lacroix,Maxence Lacroix FM26 Profile,partial,120,170,150,140,https://fmplayer.net/fm-26/maxence-lacroix-49038271
Yoel Lago,Yoel Lago FM26 Profile,partial,120,130,110,160,https://fmplayer.net/fm-26/yoel-lago-2000124150
Konrad Laimer,Konrad Laimer FM26 Profile,partial,170,150,140,200,https://fmplayer.net/fm-26/konrad-laimer-16147659
Stefan Lainer,Stefan Lainer FM26 Profile,partial,150,130,130,170,https://fmplayer.net/fm-26/stefan-lainer-16014123
Kenny Lala,Kenny Lala FM26 Profile,partial,150,140,140,130,https://fmplayer.net/fm-26/kenny-lala-85051366
Adam Lallana,Alejo Lallana FM26 Profile,first_result,50,120,150,100,https://fmplayer.net/fm-26/alejo-lallana-2000144482
Mohamed Lamine Bayo,Mohamed Bayo FM26 Profile,first_result,130,130,120,120,https://fmplayer.net/fm-26/mohamed-bayo-49038311
Tariq Lamptey,Tariq Lamptey FM26 Profile,partial,120,160,180,140,https://fmplayer.net/fm-26/tariq-lamptey-28112993
Cyle Larin,Cyle Larin FM26 Profile,partial,150,130,120,150,https://fmplayer.net/fm-26/cyle-larin-72044151
Hugo Larsson,Hugo Larsson FM26 Profile,partial,170,140,140,170,https://fmplayer.net/fm-26/hugo-larsson-2000019708
Juanmi Latasa,Juanmi Latasa FM26 Profile,partial,140,140,130,130,https://fmplayer.net/fm-26/juanmi-latasa-67293621
Toni Lato,Toni Lato FM26 Profile,partial,140,140,140,150,https://fmplayer.net/fm-26/toni-lato-67203459
Roméo Lavia,Roméo Lavia FM26 Profile,partial,140,150,140,160,https://fmplayer.net/fm-26/romeo-lavia-18115012
Manuel Lazzari,Manuel Lazzari FM26 Profile,partial,120,160,170,140,https://fmplayer.net/fm-26/manuel-lazzari-43096538
Julien Le Cardinal,Julien Le Cardinal FM26 Profile,partial,140,130,120,140,https://fmplayer.net/fm-26/julien-le-cardinal-50044045
Jérémy Le Douaron,Jérémy Le Douaron FM26 Profile,partial,130,120,120,130,https://fmplayer.net/fm-26/jeremy-le-douaron-50071707
Enzo Le Fée,Enzo Le Fée FM26 Profile,partial,140,130,140,140,https://fmplayer.net/fm-26/enzo-le-fee-49040114
Robin Le Normand,Robin Le Normand FM26 Profile,partial,150,140,130,140,https://fmplayer.net/fm-26/robin-le-normand-48037162
Rafael Leão,Rafael Leão FM26 Profile,partial,120,170,180,70,https://fmplayer.net/fm-26/rafael-leao-83111483
Pierre Lees-Melou,Tom Lees FM26 Profile,first_result,120,110,90,150,https://fmplayer.net/fm-26/tom-lees-5134490
Jordan Lefort,Jordan Lefort FM26 Profile,partial,150,120,110,130,https://fmplayer.net/fm-26/jordan-lefort-85072878
Diogo Leite,Diogo Leite FM26 Profile,partial,150,120,120,150,https://fmplayer.net/fm-26/diogo-leite-83111536
Maxim Leitsch,Maxim Leitsch FM26 Profile,partial,120,150,130,140,https://fmplayer.net/fm-26/maxim-leitsch-92084880
Florian Lejeune,Florian Lejeune FM26 Profile,partial,150,120,100,140,https://fmplayer.net/fm-26/florian-lejeune-85063747
Stefan Lekovic,Stefan Leković FM26 Profile,first_result,120,100,110,120,https://fmplayer.net/fm-26/stefan-lekovic-2000137679
Iñigo Lekue,Íñigo Lekue FM26 Profile,first_result,130,120,130,150,https://fmplayer.net/fm-26/inigo-lekue-67184347
Nunzio Lella,Nunzio Lella FM26 Profile,partial,140,130,120,120,https://fmplayer.net/fm-26/nunzio-lella-43318549
Thomas Lemar,Thomas Lemar FM26 Profile,partial,130,140,140,150,https://fmplayer.net/fm-26/thomas-lemar-85093001
Clément Lenglet,Clément Lenglet FM26 Profile,partial,150,140,120,140,https://fmplayer.net/fm-26/clement-lenglet-85078880
Giovanni Leoni,Giovanni Leoni FM26 Profile,partial,140,130,120,130,https://fmplayer.net/fm-26/giovanni-leoni-2000259904
Esteban Lepaul,Esteban Lepaul FM26 Profile,partial,140,130,130,130,https://fmplayer.net/fm-26/esteban-lepaul-49041153
Johann Lepenant,Johann Lepenant FM26 Profile,partial,160,130,130,150,https://fmplayer.net/fm-26/johann-lepenant-49056191
Robert Lewandowski,Robert Lewandowski FM26 Profile,partial,140,130,120,140,https://fmplayer.net/fm-26/robert-lewandowski-719601
Myles Lewis-Skelly,Myles Peart-Harris FM26 Profile,first_result,140,120,130,90,https://fmplayer.net/fm-26/myles-peart-harris-28124576
Ben Lhassine Kone,Ben Lhassine Koné FM26 Profile,first_result,150,120,120,130,https://fmplayer.net/fm-26/ben-lhassine-kone-43390493
Mattia Liberali,Mattia Liberali FM26 Profile,partial,110,120,130,100,https://fmplayer.net/fm-26/mattia-liberali-2000252799
Philipp Lienhart,Philipp Lienhart FM26 Profile,partial,130,140,120,120,https://fmplayer.net/fm-26/philipp-lienhart-16130398
Matthijs de Ligt,Matthijs de Ligt FM26 Profile,partial,130,140,120,150,https://fmplayer.net/fm-26/matthijs-de-ligt-37055843
Pedro Lima,Pedro Lima FM26 Profile,partial,130,130,140,110,https://fmplayer.net/fm-26/pedro-lima-2000264337
Victor Lindelöf,Victor Lindelöf FM26 Profile,partial,160,130,130,130,https://fmplayer.net/fm-26/victor-lindelof-93023425
Jesper Lindstrøm,Jesper Lindstrøm FM26 Profile,partial,130,150,160,160,https://fmplayer.net/fm-26/jesper-lindstrom-27143432
Karol Linetty,Karol Linetty FM26 Profile,partial,130,130,120,140,https://fmplayer.net/fm-26/karol-linetty-96032464
Pol Lirola,Pol Lirola FM26 Profile,partial,130,140,140,120,https://fmplayer.net/fm-26/pol-lirola-67211095
Valentino Livramento,Tino Livramento FM26 Profile,first_result,140,160,160,150,https://fmplayer.net/fm-26/tino-livramento-28124569
Javier Llabrés,Javi Llabrés FM26 Profile,first_result,110,130,130,100,https://fmplayer.net/fm-26/javi-llabres-2000197966
Diego Llorente,Diego Llorente FM26 Profile,partial,130,140,130,150,https://fmplayer.net/fm-26/diego-llorente-67011217
Gautier Lloris,Gautier Lloris FM26 Profile,partial,120,120,120,120,https://fmplayer.net/fm-26/gautier-lloris-85095988
Stanislav Lobotka,Stanislav Lobotka FM26 Profile,partial,160,130,130,140,https://fmplayer.net/fm-26/stanislav-lobotka-63012964
Manuel Locatelli,Manuel Locatelli FM26 Profile,partial,160,120,120,160,https://fmplayer.net/fm-26/manuel-locatelli-43167354
Bradley Locko,Bradley Locko FM26 Profile,partial,140,150,140,130,https://fmplayer.net/fm-26/bradley-locko-49059205
Ruben Loftus-Cheek,Jordan Loftus FM26 Profile,first_result,80,130,130,60,https://fmplayer.net/fm-26/jordan-loftus-52070933
Elysée Logbo,Elysée Logbo FM26 Profile,partial,120,120,130,120,https://fmplayer.net/fm-26/elysee-logbo-2000108574
Enzo Loiodice,Enzo Loiodice FM26 Profile,partial,140,120,100,110,https://fmplayer.net/fm-26/enzo-loiodice-49045906
Sean Longstaff,Sean Longstaff FM26 Profile,partial,180,120,110,170,https://fmplayer.net/fm-26/sean-longstaff-28100360
David López,David López FM26 Profile,partial,140,110,110,160,https://fmplayer.net/fm-26/david-lopez-67155094
Javi López,Javi López FM26 Profile,partial,150,150,140,130,https://fmplayer.net/fm-26/javi-lopez-67293674
Roberto López,Roberto López FM26 Profile,partial,120,110,120,130,https://fmplayer.net/fm-26/roberto-lopez-67272882
Unai López,Unai López FM26 Profile,partial,150,120,130,130,https://fmplayer.net/fm-26/unai-lopez-67145056
Anthony Losilla,Ángel Losilla FM26 Profile,first_result,110,120,130,120,https://fmplayer.net/fm-26/angel-losilla-2000272540
Sandi Lovrić,Sandi Lovrić FM26 Profile,partial,140,120,130,130,https://fmplayer.net/fm-26/sandi-lovric-16135875
Pol Lozano,Pol Lozano FM26 Profile,partial,130,130,120,130,https://fmplayer.net/fm-26/pol-lozano-67246431
Lorenzo Lucca,Lorenzo Lucca FM26 Profile,partial,150,140,120,120,https://fmplayer.net/fm-26/lorenzo-lucca-43409366
Jhon Lucumí,Jhon Lucumí FM26 Profile,partial,150,140,140,140,https://fmplayer.net/fm-26/jhon-lucumi-76042952
Yannik Lührs,Yannik Lührs FM26 Profile,partial,110,120,110,130,https://fmplayer.net/fm-26/yannik-luhrs-2000065951
José Luis Gayà,José Gayà FM26 Profile,first_result,130,150,140,150,https://fmplayer.net/fm-26/jose-gaya-67178177
José Luis Palomino,José Luis Palomino FM26 Profile,partial,110,90,100,150,https://fmplayer.net/fm-26/jose-luis-palomino-14023020
Douglas Luiz,Douglas Luiz FM26 Profile,partial,130,120,120,130,https://fmplayer.net/fm-26/douglas-luiz-19302456
Romelu Lukaku,Romelu Lukaku FM26 Profile,partial,150,150,150,120,https://fmplayer.net/fm-26/romelu-lukaku-18007344
Castello Lukeba,Castello Lukeba FM26 Profile,partial,130,150,130,140,https://fmplayer.net/fm-26/castello-lukeba-49056273
Dodi Lukebakio,Dodi Lukébakio FM26 Profile,first_result,130,160,160,80,https://fmplayer.net/fm-26/dodi-lukebakio-18083611
Saša Lukić,Saša Lukić FM26 Profile,partial,140,130,130,140,https://fmplayer.net/fm-26/sasa-lukic-62124117
Daniel Luna,Daniel Luna FM26 Profile,partial,120,120,130,110,https://fmplayer.net/fm-26/daniel-luna-2000027383
Massimo Luongo,Massimo Luongo FM26 Profile,partial,130,100,110,150,https://fmplayer.net/fm-26/massimo-luongo-28063437
Sebastiano Luperto,Sebastiano Luperto FM26 Profile,partial,150,120,120,140,https://fmplayer.net/fm-26/sebastiano-luperto-43095145
Charalambos Lykogiannis,Charalampos Lykogiannis FM26 Profile,first_result,130,130,120,140,https://fmplayer.net/fm-26/charalampos-lykogiannis-36045542
Senne Lynen,Senne Lynen FM26 Profile,partial,160,130,110,160,https://fmplayer.net/fm-26/senne-lynen-18096574
Ian Maatsen,Ian Maatsen FM26 Profile,partial,140,150,150,150,https://fmplayer.net/fm-26/ian-maatsen-28121372
Alexis Mac Allister,Alexis Mac Allister FM26 Profile,partial,150,120,130,160,https://fmplayer.net/fm-26/alexis-mac-allister-14157184
Lanroy Machine,Lanroy Machine FM26 Profile,partial,120,130,120,110,https://fmplayer.net/fm-26/lanroy-machine-2000191409
Yvann Macon,Yvann Maçon FM26 Profile,first_result,120,140,140,130,https://fmplayer.net/fm-26/yvann-macon-48046006
James Maddison,James Maddison FM26 Profile,partial,130,130,130,140,https://fmplayer.net/fm-26/james-maddison-28093567
Eros Maddy,Eros Maddy FM26 Profile,partial,110,140,150,120,https://fmplayer.net/fm-26/eros-maddy-37060941
Noni Madueke,Noni Madueke FM26 Profile,partial,130,160,150,130,https://fmplayer.net/fm-26/noni-madueke-37076092
Pablo Maffeo,Pablo Maffeo FM26 Profile,partial,150,140,160,170,https://fmplayer.net/fm-26/pablo-maffeo-28095341
Gabriel Magalhães,Paulo Magalhaes FM26 Profile,first_result,100,110,90,100,https://fmplayer.net/fm-26/paulo-magalhaes-75003026
Soungoutou Magassa,Soungoutou Magassa FM26 Profile,partial,130,120,120,130,https://fmplayer.net/fm-26/soungoutou-magassa-2000031536
Giangiacomo Magnani,Giangiacomo Magnani FM26 Profile,partial,130,130,120,130,https://fmplayer.net/fm-26/giangiacomo-magnani-43125080
Hugo Magnetti,Hugo Magnetti FM26 Profile,partial,160,120,120,150,https://fmplayer.net/fm-26/hugo-magnetti-48044237
Harry Maguire,Harry Maguire FM26 Profile,partial,170,120,100,120,https://fmplayer.net/fm-26/harry-maguire-28049740
Jon Magunazelaia,Jon Magunazelaia FM26 Profile,partial,110,140,140,120,https://fmplayer.net/fm-26/jon-magunazelaia-2000082492
Arne Maier,Arne Maier FM26 Profile,partial,140,130,120,120,https://fmplayer.net/fm-26/arne-maier-91151073
Patrick Mainka,Patrick Mainka FM26 Profile,partial,130,120,100,150,https://fmplayer.net/fm-26/patrick-mainka-92065574
Kobbie Mainoo,Kobbie Mainoo FM26 Profile,partial,140,130,130,140,https://fmplayer.net/fm-26/kobbie-mainoo-2000123586
Ainsley Maitland-Niles,Jack Ainsley FM26 Profile,first_result,120,90,80,100,https://fmplayer.net/fm-26/jack-ainsley-28010526
Lovro Majer,Lovro Majer FM26 Profile,partial,170,120,130,150,https://fmplayer.net/fm-26/lovro-majer-24053458
Jordy Makengo,Jordy Makengo FM26 Profile,partial,140,150,140,150,https://fmplayer.net/fm-26/jordy-makengo-2000028585
Antoine Makoumbou,Antoine Makoumbou FM26 Profile,partial,150,130,130,130,https://fmplayer.net/fm-26/antoine-makoumbou-85144802
Nikola Maksimović,Nikola Maksimović FM26 Profile,partial,100,80,80,130,https://fmplayer.net/fm-26/nikola-maksimovic-62055004
Tyrell Malacia,Tyrell Malacia FM26 Profile,partial,150,150,150,160,https://fmplayer.net/fm-26/tyrell-malacia-37058363
Jarzinho Malanga,Jarzinho Malanga FM26 Profile,partial,120,150,150,100,https://fmplayer.net/fm-26/jarzinho-malanga-2000257650
Julián Malatini,Julián Malatini FM26 Profile,partial,130,150,130,150,https://fmplayer.net/fm-26/julian-malatini-14247879
Youssef Maleh,Youssef Maleh FM26 Profile,partial,130,130,130,130,https://fmplayer.net/fm-26/youssef-maleh-43193946
Donyell Malen,Donyell Malen FM26 Profile,partial,120,160,160,100,https://fmplayer.net/fm-26/donyell-malen-37055844
Lennard Maloney,Lennard Maloney FM26 Profile,partial,170,130,110,190,https://fmplayer.net/fm-26/lennard-maloney-92092364
Aaron Malouda,Aaron Malouda FM26 Profile,partial,130,130,130,90,https://fmplayer.net/fm-26/aaron-malouda-2000201225
Hianga Mananga Mbock,Hianga'a Mbock FM26 Profile,first_result,130,120,120,130,https://fmplayer.net/fm-26/hiangaa-mbock-49040378
Gianluca Mancini,Gianluca Mancini FM26 Profile,partial,150,130,130,160,https://fmplayer.net/fm-26/gianluca-mancini-43093502
Reinildo Mandava,Reinildo FM26 Profile,first_result,160,140,140,170,https://fmplayer.net/fm-26/reinildo-13160655
Aïssa Mandi,Aïssa Mandi FM26 Profile,partial,130,120,120,140,https://fmplayer.net/fm-26/aissa-mandi-85079680
Rolando Mandragora,Rolando Mandragora FM26 Profile,partial,140,130,130,140,https://fmplayer.net/fm-26/rolando-mandragora-43159580
Mateus Mane,Mateus Mané FM26 Profile,first_result,80,120,130,100,https://fmplayer.net/fm-26/mateus-mane-2000351894
Orel Mangala,Orel Mangala FM26 Profile,partial,130,130,130,120,https://fmplayer.net/fm-26/orel-mangala-18087973
Javier Manquillo,Javi Manquillo FM26 Profile,first_result,140,140,130,150,https://fmplayer.net/fm-26/javi-manquillo-67141802
Alberto Manzoni,Alberto Manzoni FM26 Profile,partial,120,120,120,130,https://fmplayer.net/fm-26/alberto-manzoni-2000145297
Alessandro Marcandalli,Alessandro Marcandalli FM26 Profile,partial,140,120,130,120,https://fmplayer.net/fm-26/alessandro-marcandalli-43500463
Marcão,Marcão FM26 Profile,partial,100,130,110,150,https://fmplayer.net/fm-26/marcao-19190440
Filip Marchwiński,Filip Marchwiński FM26 Profile,partial,110,130,130,130,https://fmplayer.net/fm-26/filip-marchwinski-96116988
Óscar de Marcos,Óscar Marcos FM26 Profile,first_result,90,110,80,140,https://fmplayer.net/fm-26/oscar-marcos-2000300098
Alberto Marí,Alberto Marí FM26 Profile,partial,110,120,120,140,https://fmplayer.net/fm-26/alberto-mari-2000131132
Pablo Marí,Pablo Marín FM26 Profile,partial,140,130,140,140,https://fmplayer.net/fm-26/pablo-marin-2000131318
José María Giménez,José María Herrera FM26 Profile,first_result,120,130,130,130,https://fmplayer.net/fm-26/jose-maria-herrera-2000051680
Luca Marianucci,Luca Marianucci FM26 Profile,partial,110,140,120,140,https://fmplayer.net/fm-26/luca-marianucci-2000024732
Rafa Marín,Rafa Marín FM26 Profile,partial,140,140,130,140,https://fmplayer.net/fm-26/rafa-marin-2000051886
Pablo Marín,Pablo Marín FM26 Profile,partial,140,130,140,140,https://fmplayer.net/fm-26/pablo-marin-2000131318
Răzvan Marin,Răzvan Marin FM26 Profile,partial,130,120,120,130,https://fmplayer.net/fm-26/razvan-marin-57113505
Guillermo Maripán,Guillermo Maripán FM26 Profile,partial,160,120,120,130,https://fmplayer.net/fm-26/guillermo-maripan-75030680
Mika Mármol,Mika Mármol FM26 Profile,partial,130,140,130,130,https://fmplayer.net/fm-26/mika-marmol-67295761
Mario Maroto,Mario Maroto FM26 Profile,partial,80,120,150,110,https://fmplayer.net/fm-26/mario-maroto-2000065658
Marquinhos,Marquinhos FM26 Profile,partial,160,140,130,150,https://fmplayer.net/fm-26/marquinhos-19163495
Aarón Martín,Aarón Martín FM26 Profile,partial,120,110,130,130,https://fmplayer.net/fm-26/aaron-martin-2000384967
Diego Martín,Diego Martínez FM26 Profile,partial,120,110,100,120,https://fmplayer.net/fm-26/diego-martinez-76002488
Gerard Martín,Gerard Martín FM26 Profile,partial,160,140,140,150,https://fmplayer.net/fm-26/gerard-martin-2000101061
Iván Martín,Iván Martín FM26 Profile,partial,130,140,130,130,https://fmplayer.net/fm-26/ivan-martin-67258832
Jon Martin,Shi-Jon Martina FM26 Profile,partial,80,130,130,120,https://fmplayer.net/fm-26/shi-jon-martina-2000143237
Jonas Martin,Jonas Martin FM26 Profile,partial,120,110,100,120,https://fmplayer.net/fm-26/jonas-martin-34008680
Mario Martín,Mario Martín FM26 Profile,partial,150,130,120,150,https://fmplayer.net/fm-26/mario-martin-2000163504
Iñigo Martínez,Íñigo Martínez FM26 Profile,first_result,140,120,120,160,https://fmplayer.net/fm-26/inigo-martinez-67104772
Javi Martínez,Javi Martínez FM26 Profile,partial,100,90,60,110,https://fmplayer.net/fm-26/javi-martinez-1512305
Lautaro Martínez,Lautaro Martínez FM26 Profile,partial,190,150,150,180,https://fmplayer.net/fm-26/lautaro-martinez-14110660
Lisandro Martínez,Lisandro Martínez FM26 Profile,partial,150,120,120,150,https://fmplayer.net/fm-26/lisandro-martinez-14167329
Lucas Martínez Quarta,Lucas Martínez Quarta FM26 Profile,partial,150,130,120,140,https://fmplayer.net/fm-26/lucas-martinez-quarta-14110832
Ramón Martínez,Ramón Martínez FM26 Profile,partial,140,110,120,140,https://fmplayer.net/fm-26/ramon-martinez-79028317
Toni Martínez,Toni Martínez FM26 Profile,partial,120,130,130,140,https://fmplayer.net/fm-26/toni-martinez-67216151
Adam Marušić,Adam Marušić FM26 Profile,partial,150,140,130,140,https://fmplayer.net/fm-26/adam-marusic-62095383
Omar Mascarell,,not_found,,,,,
Adam Masina,Adam Masina FM26 Profile,partial,130,130,120,130,https://fmplayer.net/fm-26/adam-masina-43111412
Patrizio Masini,Patrizio Masini FM26 Profile,partial,150,120,120,140,https://fmplayer.net/fm-26/patrizio-masini-43390579
Erhan Mašović,Erhan Mašović FM26 Profile,partial,120,130,120,160,https://fmplayer.net/fm-26/erhan-masovic-62166400
Han-Noah Massengo,Jordan Massengo FM26 Profile,first_result,130,140,150,140,https://fmplayer.net/fm-26/jordan-massengo-85063749
Clinton Mata,Clinton Mata FM26 Profile,partial,140,140,140,140,https://fmplayer.net/fm-26/clinton-mata-18070768
Igor Matanovic,Igor Matanović FM26 Profile,first_result,130,130,120,160,https://fmplayer.net/fm-26/igor-matanovic-2000072022
Pape Matar Sarr,Pape Matar Sarr FM26 Profile,partial,170,130,140,140,https://fmplayer.net/fm-26/pape-matar-sarr-12080051
Eliot Matazo,Eliot Matazo FM26 Profile,partial,130,130,140,140,https://fmplayer.net/fm-26/eliot-matazo-18107444
Jean-Philippe Mateta,Rabby Mateta Pepa FM26 Profile,first_result,70,110,120,100,https://fmplayer.net/fm-26/rabby-mateta-pepa-2000173948
Nemanja Matić,Nemanja Matić FM26 Profile,partial,110,90,80,130,https://fmplayer.net/fm-26/nemanja-matic-62000307
Rudy Matondo,Rudy Matondo FM26 Profile,partial,60,140,140,90,https://fmplayer.net/fm-26/rudy-matondo-2000412322
Chrislain Matsima,Chrislain Matsima FM26 Profile,partial,120,160,140,140,https://fmplayer.net/fm-26/chrislain-matsima-49048468
Alan Matturro,Alan Matturro FM26 Profile,partial,130,120,130,120,https://fmplayer.net/fm-26/alan-matturro-2000009463
Azor Matusiwa,Azor Matusiwa FM26 Profile,partial,130,120,120,170,https://fmplayer.net/fm-26/azor-matusiwa-37053977
Neal Maupay,Neal Maupay FM26 Profile,partial,150,110,110,150,https://fmplayer.net/fm-26/neal-maupay-85120748
Maurides,Maurides FM26 Profile,partial,120,110,90,160,https://fmplayer.net/fm-26/maurides-19186563
Stephy Mavididi,Stephy Mavididi FM26 Profile,partial,150,160,150,130,https://fmplayer.net/fm-26/stephy-mavididi-28099981
Konstantinos Mavropanos,Konstantinos Mavropanos FM26 Profile,partial,120,150,130,170,https://fmplayer.net/fm-26/konstantinos-mavropanos-36116501
Christian Mawissa,Christian Mawissa FM26 Profile,partial,130,130,130,140,https://fmplayer.net/fm-26/christian-mawissa-2000131124
Borja Mayoral,Borja Mayoral FM26 Profile,partial,80,120,120,130,https://fmplayer.net/fm-26/borja-mayoral-67211912
Senny Mayulu,Senny Mayulu FM26 Profile,partial,110,140,140,130,https://fmplayer.net/fm-26/senny-mayulu-2000179713
Noussair Mazraoui,Noussair Mazraoui FM26 Profile,partial,150,140,140,160,https://fmplayer.net/fm-26/noussair-mazraoui-37052470
Luca Mazzitelli,Luca Mazzitelli FM26 Profile,partial,120,120,110,130,https://fmplayer.net/fm-26/luca-mazzitelli-43093356
Samuel Mbangula,Samuel Mbangula FM26 Profile,partial,120,150,150,130,https://fmplayer.net/fm-26/samuel-mbangula-18115008
Kylian Mbappé,Kylian Mbappé FM26 Profile,partial,150,190,190,130,https://fmplayer.net/fm-26/kylian-mbappe-85139014
Bryan Mbeumo,Bryan Mbeumo FM26 Profile,partial,150,150,150,170,https://fmplayer.net/fm-26/bryan-mbeumo-48042658
Kasey McAteer,Kasey McAteer FM26 Profile,partial,140,140,140,160,https://fmplayer.net/fm-26/kasey-mcateer-28122215
Oliver McBurnie,Oli McBurnie FM26 Profile,first_result,120,130,130,130,https://fmplayer.net/fm-26/oli-mcburnie-29108066
Scott McKenna,Scott McKenna FM26 Profile,partial,130,140,120,130,https://fmplayer.net/fm-26/scott-mckenna-61064267
Mark McKenzie,Mark McKenzie FM26 Profile,partial,130,140,140,140,https://fmplayer.net/fm-26/mark-mckenzie-20041987
Scott McTominay,Scott McTominay FM26 Profile,partial,190,140,130,150,https://fmplayer.net/fm-26/scott-mctominay-29125343
Jakov Medić,Jakov Medić FM26 Profile,partial,110,110,100,150,https://fmplayer.net/fm-26/jakov-medic-24055490
Facundo Medina,Facundo Medina FM26 Profile,partial,140,140,130,190,https://fmplayer.net/fm-26/facundo-medina-14185869
Ben Mee,Ben Mee FM26 Profile,partial,120,90,80,140,https://fmplayer.net/fm-26/ben-mee-4002177
Jayden Meghoma,Jayden Meghoma FM26 Profile,partial,120,140,140,140,https://fmplayer.net/fm-26/jayden-meghoma-2000190480
Henrik Meister,Henrik Meister FM26 Profile,partial,130,120,110,120,https://fmplayer.net/fm-26/henrik-meister-2000113465
Bamo Meïté,Bamo Meïté FM26 Profile,partial,140,130,120,140,https://fmplayer.net/fm-26/bamo-meite-2000018252
Mohamed Meité,Mohamed Kader Meïté FM26 Profile,first_result,100,130,130,120,https://fmplayer.net/fm-26/mohamed-kader-meite-2000426283
Mateo Mejía,Mateo Mejía FM26 Profile,partial,110,160,150,130,https://fmplayer.net/fm-26/mateo-mejia-28127221
Farid El Melali,Farid El Melali FM26 Profile,partial,120,140,140,130,https://fmplayer.net/fm-26/farid-el-melali-13200909
Arthur Melo,Bruno Melo FM26 Profile,first_result,130,130,130,130,https://fmplayer.net/fm-26/bruno-melo-19272744
Nuno Mendes,Nuno Mendes FM26 Profile,partial,150,180,180,130,https://fmplayer.net/fm-26/nuno-mendes-83261910
Brais Méndez,Brais Méndez FM26 Profile,partial,140,130,130,150,https://fmplayer.net/fm-26/brais-mendez-67199158
Antoine Mendy,Antoine Mendy FM26 Profile,partial,140,130,130,130,https://fmplayer.net/fm-26/antoine-mendy-2000130977
Ferland Mendy,Ferland Mendy FM26 Profile,partial,160,160,160,170,https://fmplayer.net/fm-26/ferland-mendy-85133751
Nampalys Mendy,Nampalys Mendy FM26 Profile,partial,130,100,110,150,https://fmplayer.net/fm-26/nampalys-mendy-85010871
Nobel Mendy,Nobel Mendy FM26 Profile,partial,100,120,130,130,https://fmplayer.net/fm-26/nobel-mendy-2000138305
Gideon Mensah,Gideon Mensah FM26 Profile,partial,140,160,160,140,https://fmplayer.net/fm-26/gideon-mensah-16199712
Quentin Merlin,Quentin Merlin FM26 Profile,partial,140,130,130,130,https://fmplayer.net/fm-26/quentin-merlin-49048372
Víctor Meseguer,Víctor Meseguer FM26 Profile,partial,140,110,130,150,https://fmplayer.net/fm-26/victor-meseguer-67278046
Rafik Messali,Rafik Messali FM26 Profile,partial,120,130,130,130,https://fmplayer.net/fm-26/rafik-messali-2000063319
Karol Mets,Karol Mets FM26 Profile,partial,120,140,110,120,https://fmplayer.net/fm-26/karol-mets-47023240
Thomas Meunier,Thomas Meunier FM26 Profile,partial,150,130,120,160,https://fmplayer.net/fm-26/thomas-meunier-18043393
Shumaira Mheuka,Shumaira Mheuka FM26 Profile,partial,90,140,150,120,https://fmplayer.net/fm-26/shumaira-mheuka-2000379552
Florian Micheler,Florian Micheler FM26 Profile,partial,130,100,110,120,https://fmplayer.net/fm-26/florian-micheler-2000095540
Miguel,Miguel Miguel FM26 Profile,partial,120,120,110,100,https://fmplayer.net/fm-26/miguel-miguel-55075311
Georges Mikautadze,Georges Mikautadze FM26 Profile,partial,120,150,150,140,https://fmplayer.net/fm-26/georges-mikautadze-49043189
Nikola Milenković,Nikola Milenković FM26 Profile,partial,130,140,130,150,https://fmplayer.net/fm-26/nikola-milenkovic-62191195
Lewis Miley,Lewis Miley FM26 Profile,partial,120,120,140,160,https://fmplayer.net/fm-26/lewis-miley-2000189871
Éder Militão,Éder Militão FM26 Profile,partial,160,150,150,160,https://fmplayer.net/fm-26/eder-militao-19273276
Luis Milla,Luis Milla FM26 Profile,partial,150,130,120,150,https://fmplayer.net/fm-26/luis-milla-67191561
James Milner,James Milner FM26 Profile,partial,170,100,110,170,https://fmplayer.net/fm-26/james-milner-5106363
Kim Min-jae,Min Kyung-Min FM26 Profile,first_result,80,70,80,70,https://fmplayer.net/fm-26/min-kyung-min-66039872
Yerry Mina,Yerry Mina FM26 Profile,partial,120,110,100,130,https://fmplayer.net/fm-26/yerry-mina-76037151
Lucas Mincarelli,Lucas Mincarelli FM26 Profile,partial,140,140,140,140,https://fmplayer.net/fm-26/lucas-mincarelli-2000216313
Tyrone Mings,Tyrone Mings FM26 Profile,partial,140,140,150,140,https://fmplayer.net/fm-26/tyrone-mings-29074544
Bojan Miovski,Bojan Miovski FM26 Profile,partial,110,140,130,140,https://fmplayer.net/fm-26/bojan-miovski-47076732
Juan Miranda,Juan Miranda FM26 Profile,partial,140,140,130,140,https://fmplayer.net/fm-26/juan-miranda-67258411
Tyrick Mitchell,Tyrick Mitchell FM26 Profile,partial,140,150,150,150,https://fmplayer.net/fm-26/tyrick-mitchell-28111507
Maximilian Mittelstädt,Maximilian Mittelstädt FM26 Profile,partial,160,140,140,170,https://fmplayer.net/fm-26/maximilian-mittelstadt-91143714
Henrikh Mkhitaryan,Henrikh Mkhitaryan FM26 Profile,partial,150,130,130,130,https://fmplayer.net/fm-26/henrikh-mkhitaryan-59006269
Jakub Moder,Jakub Moder FM26 Profile,partial,140,140,120,140,https://fmplayer.net/fm-26/jakub-moder-96086697
Luka Modrić,Luka Modrić FM26 Profile,partial,110,110,130,140,https://fmplayer.net/fm-26/luka-modric-653054
Max Moerstedt,Max Moerstedt FM26 Profile,partial,140,120,120,130,https://fmplayer.net/fm-26/max-moerstedt-2000230641
Terem Moffi,Terem Moffi FM26 Profile,partial,130,150,150,130,https://fmplayer.net/fm-26/terem-moffi-47079007
Mostafa Mohamed,Mostafa Mohamed FM26 Profile,partial,140,120,120,120,https://fmplayer.net/fm-26/mostafa-mohamed-13231887
Johan Mojica,Johan Mojica FM26 Profile,partial,160,160,160,140,https://fmplayer.net/fm-26/johan-mojica-76020280
Nahuel Molina,Nahuel Molina FM26 Profile,partial,140,150,150,150,https://fmplayer.net/fm-26/nahuel-molina-14129337
Jon Moncayola,Jon Moncayola FM26 Profile,partial,150,130,140,140,https://fmplayer.net/fm-26/jon-moncayola-67267210
Mikey Moore,Mikey Moore FM26 Profile,partial,120,140,150,130,https://fmplayer.net/fm-26/mikey-moore-2000298715
Morato,Morato FM26 Profile,partial,140,130,120,140,https://fmplayer.net/fm-26/morato-19347264
Alberto Moreno,Alberto Moreno FM26 Profile,partial,140,130,120,170,https://fmplayer.net/fm-26/alberto-moreno-67150301
Gerard Moreno,Gerard Moreno FM26 Profile,partial,140,130,120,160,https://fmplayer.net/fm-26/gerard-moreno-67115823
Matias Moreno,Matías Moreno FM26 Profile,first_result,130,120,130,110,https://fmplayer.net/fm-26/matias-moreno-2000158335
Xavier Moreno,Samuel Xavier FM26 Profile,first_result,130,130,140,140,https://fmplayer.net/fm-26/samuel-xavier-19100038
Mateu Morey,Mateu Morey FM26 Profile,partial,140,130,130,130,https://fmplayer.net/fm-26/mateu-morey-67258408
Ilaix Moriba,Ilaix Moriba FM26 Profile,partial,150,120,120,150,https://fmplayer.net/fm-26/ilaix-moriba-67279753
Manu Morlanes,Manu Morlanes FM26 Profile,partial,140,120,120,140,https://fmplayer.net/fm-26/manu-morlanes-67228802
Nikola Moro,Nikola Moro FM26 Profile,partial,130,120,110,120,https://fmplayer.net/fm-26/nikola-moro-24046418
Sam Morsy,Sam Morsy FM26 Profile,partial,150,110,120,150,https://fmplayer.net/fm-26/sam-morsy-29036830
Cristhian Mosquera,Cristhian Mosquera FM26 Profile,partial,140,160,140,150,https://fmplayer.net/fm-26/cristhian-mosquera-2000030816
Daniel Mosquera,Daniel Mosquera FM26 Profile,partial,130,130,130,130,https://fmplayer.net/fm-26/daniel-mosquera-76056508
Yerson Mosquera,Yerson Mosquera FM26 Profile,partial,130,150,130,110,https://fmplayer.net/fm-26/yerson-mosquera-76065062
Yael Mouanga,Yaël Mouanga FM26 Profile,first_result,110,150,140,120,https://fmplayer.net/fm-26/yael-mouanga-2000162180
Aimen Moueffek,Aïmen Moueffek FM26 Profile,first_result,130,110,110,130,https://fmplayer.net/fm-26/aimen-moueffek-49039002
Mason Mount,Mason Mount FM26 Profile,partial,180,150,140,190,https://fmplayer.net/fm-26/mason-mount-28103590
Santiago Mouriño,Santiago Mouriño FM26 Profile,partial,140,140,130,140,https://fmplayer.net/fm-26/santiago-mourino-2000090622
Louis Mouton,Louis Mouton FM26 Profile,partial,150,120,120,150,https://fmplayer.net/fm-26/louis-mouton-49061089
Divin Mubama,Divin Mubama FM26 Profile,partial,130,140,140,110,https://fmplayer.net/fm-26/divin-mubama-2000118386
Mykhailo Mudryk,Mykhaylo Mudryk FM26 Profile,first_result,120,180,170,120,https://fmplayer.net/fm-26/mykhaylo-mudryk-71101331
Ngal'Ayel Mukau,Ngal'Ayel Mukau FM26 Profile,partial,140,120,130,150,https://fmplayer.net/fm-26/ngalayel-mukau-2000058381
Nordi Mukiele,Nordi Mukiele FM26 Profile,partial,140,150,140,160,https://fmplayer.net/fm-26/nordi-mukiele-48034615
Abdul Mumin,Abdul Mumin FM26 Profile,partial,130,150,150,120,https://fmplayer.net/fm-26/abdul-mumin-27128916
Rodrigo Muniz,Rodrigo Muniz FM26 Profile,partial,130,140,140,140,https://fmplayer.net/fm-26/rodrigo-muniz-19352610
Aihen Muñoz,,not_found,,,,,
Álex Muñoz,Álex Muñoz FM26 Profile,partial,140,140,130,130,https://fmplayer.net/fm-26/alex-munoz-67101620
Daniel Muñoz,Daniel Muñoz FM26 Profile,partial,170,140,150,180,https://fmplayer.net/fm-26/daniel-munoz-76050675
Iker Muñoz,Iker Muñoz FM26 Profile,partial,130,120,120,140,https://fmplayer.net/fm-26/iker-munoz-67288317
Murillo,Murillo FM26 Profile,partial,150,140,150,150,https://fmplayer.net/fm-26/murillo-2000123482
Vedat Muriqi,Vedat Muriqi FM26 Profile,partial,170,120,100,190,https://fmplayer.net/fm-26/vedat-muriqi-11022221
Jacob Murphy,Jacob Murphy FM26 Profile,partial,110,160,150,180,https://fmplayer.net/fm-26/jacob-murphy-29079830
Bob Murphy Omoregbe,Bob Omoregbe FM26 Profile,first_result,110,140,130,80,https://fmplayer.net/fm-26/bob-omoregbe-2000142573
Jamal Musiala,Jamal Musiala FM26 Profile,partial,130,150,150,150,https://fmplayer.net/fm-26/jamal-musiala-28124579
Almoatasem Al Musrati,Ali Al Musrati FM26 Profile,first_result,130,110,90,130,https://fmplayer.net/fm-26/ali-al-musrati-83190945
Junior Mwanga,Junior Mwanga FM26 Profile,partial,140,110,110,130,https://fmplayer.net/fm-26/junior-mwanga-49059396
Phillipp Mwene,Phillipp Steinhart FM26 Profile,first_result,140,110,90,110,https://fmplayer.net/fm-26/phillipp-steinhart-35017459
Vitaliy Mykolenko,Vitaliy Mykolenko FM26 Profile,partial,150,150,150,160,https://fmplayer.net/fm-26/vitaliy-mykolenko-71104595
Joakim Mæhle,Joakim Mæhle FM26 Profile,partial,170,140,140,160,https://fmplayer.net/fm-26/joakim-maehle-27097478
Obite N'Dicka,Yannick Obité FM26 Profile,first_result,110,110,110,110,https://fmplayer.net/fm-26/yannick-obite-12091733
Loïc N'Gatta,Ange-Loïc N'Gatta FM26 Profile,partial,100,150,150,60,https://fmplayer.net/fm-26/ange-loic-ngatta-2000024589
Nathan N'Goumou,Daniel Goumou FM26 Profile,first_result,120,120,120,120,https://fmplayer.net/fm-26/daniel-goumou-23154603
Djylian N'Guessan,Djylian N'Guessan FM26 Profile,partial,70,130,90,120,https://fmplayer.net/fm-26/djylian-nguessan-2000344636
Stanley N'Soki,Soki Tamura FM26 Profile,first_result,80,100,110,110,https://fmplayer.net/fm-26/soki-tamura-2000062443
Mickael Nade,Mickaël Nadé FM26 Profile,first_result,130,120,110,120,https://fmplayer.net/fm-26/mickael-nade-48043560
Bilal Nadir,Bilal Nadir FM26 Profile,partial,120,130,130,150,https://fmplayer.net/fm-26/bilal-nadir-2000011617
Mahamadou Nagida,Mahamadou Nagida FM26 Profile,partial,140,140,140,90,https://fmplayer.net/fm-26/mahamadou-nagida-2000291616
Yael Nandjou,Yaël Nandjou Kwingoua FM26 Profile,first_result,80,150,150,130,https://fmplayer.net/fm-26/yael-nandjou-kwingoua-2000207124
Nikolas Nartey,Nikolas Nartey FM26 Profile,partial,120,130,120,140,https://fmplayer.net/fm-26/nikolas-nartey-27135742
Matija Nastasić,Matija Nastasić FM26 Profile,partial,130,130,110,130,https://fmplayer.net/fm-26/matija-nastasic-62055271
Natan,Natan FM26 Profile,partial,150,130,130,140,https://fmplayer.net/fm-26/natan-19351985
Pau Navarro,Pau Navarro FM26 Profile,partial,140,120,110,150,https://fmplayer.net/fm-26/pau-navarro-2000395112
Michel Ndary Adopo,Michel Ndary Adopo FM26 Profile,partial,140,140,140,140,https://fmplayer.net/fm-26/michel-ndary-adopo-43459075
Youssouf Ndayishimiye,Youssouf Ndayishimiye FM26 Profile,partial,160,120,120,150,https://fmplayer.net/fm-26/youssouf-ndayishimiye-70138807
Iliman Ndiaye,Iliman N'Diaye FM26 Profile,first_result,120,140,140,150,https://fmplayer.net/fm-26/iliman-ndiaye-89063107
Junior Ndiaye,Junior Ndiaye FM26 Profile,partial,110,130,120,120,https://fmplayer.net/fm-26/junior-ndiaye-2000166496
Rassoul Ndiaye,Rassoul Ndiaye FM26 Profile,partial,130,130,140,140,https://fmplayer.net/fm-26/rassoul-ndiaye-49048614
Wilfred Ndidi,Wilfred Ndidi FM26 Profile,partial,130,120,120,160,https://fmplayer.net/fm-26/wilfred-ndidi-18091791
Wilfried Ndollo,Wilfried Ndollo Bille FM26 Profile,partial,120,140,140,120,https://fmplayer.net/fm-26/wilfried-ndollo-bille-2000291042
Tanguy Ndombele,Tanguy Ndombele FM26 Profile,partial,130,110,100,130,https://fmplayer.net/fm-26/tanguy-ndombele-85128159
Dan Ndoye,Dan Ndoye FM26 Profile,partial,160,170,170,140,https://fmplayer.net/fm-26/dan-ndoye-84153276
Paul Nebel,Paul Nebel FM26 Profile,partial,170,130,130,160,https://fmplayer.net/fm-26/paul-nebel-91188358
Kosta Nedeljković,Kosta Nedeljković FM26 Profile,partial,140,170,150,150,https://fmplayer.net/fm-26/kosta-nedeljkovic-2000178777
Ivan Nekić,Ivan Nekić FM26 Profile,partial,120,120,120,140,https://fmplayer.net/fm-26/ivan-nekic-24056892
Reiss Nelson,Reiss Nelson FM26 Profile,partial,130,150,170,120,https://fmplayer.net/fm-26/reiss-nelson-28107919
Victor Nelsson,Victor Nelsson FM26 Profile,partial,140,110,110,150,https://fmplayer.net/fm-26/victor-nelsson-27107366
David Nemeth,David Nemeth FM26 Profile,partial,110,120,110,130,https://fmplayer.net/fm-26/david-nemeth-16202269
David Neres,David Neres FM26 Profile,partial,120,140,160,80,https://fmplayer.net/fm-26/david-neres-19260918
Pedro Neto,Pedro Neto FM26 Profile,partial,120,160,160,160,https://fmplayer.net/fm-26/pedro-neto-29179717
Luca Netz,Luca Netz FM26 Profile,partial,140,140,140,130,https://fmplayer.net/fm-26/luca-netz-91195878
Florian Neuhaus,Florian Neuhaus FM26 Profile,partial,150,140,110,110,https://fmplayer.net/fm-26/florian-neuhaus-91167376
Yvan Neyou,Yvan Neyou FM26 Profile,partial,160,150,140,150,https://fmplayer.net/fm-26/yvan-neyou-85134218
Cyril Ngonge,Cyril Ngonge FM26 Profile,partial,130,140,160,110,https://fmplayer.net/fm-26/cyril-ngonge-18101760
Mikayil Ngor Faye,Mikayil Faye FM26 Profile,first_result,130,140,140,130,https://fmplayer.net/fm-26/mikayil-faye-12088492
Steve Ngoura,Steve Cook FM26 Profile,first_result,130,90,90,150,https://fmplayer.net/fm-26/steve-cook-28014634
Bernard Nguene,Bernard Nguene FM26 Profile,partial,70,130,100,90,https://fmplayer.net/fm-26/bernard-nguene-2000416511
Moussa Niakhate,Moussa Niakhaté FM26 Profile,first_result,140,130,130,130,https://fmplayer.net/fm-26/moussa-niakhate-48037362
Abdoulaye Niakhate Ndiaye,Moussa Niakhaté FM26 Profile,first_result,140,130,130,130,https://fmplayer.net/fm-26/moussa-niakhate-48037362
Ibrahima Niane,Ibrahima Niane FM26 Profile,partial,120,140,130,120,https://fmplayer.net/fm-26/ibrahima-niane-13181735
Tanguy Nianzou,Tanguy Nianzou FM26 Profile,partial,120,130,120,120,https://fmplayer.net/fm-26/tanguy-nianzou-49048365
Rasmus Nicolaisen,Rasmus Nicolaisen FM26 Profile,partial,130,110,120,120,https://fmplayer.net/fm-26/rasmus-nicolaisen-27100972
Hans Nicolussi Caviglia,Hans Nicolussi Caviglia FM26 Profile,partial,140,120,120,160,https://fmplayer.net/fm-26/hans-nicolussi-caviglia-43296764
Julian Niehues,Julian Niehues FM26 Profile,partial,150,130,100,160,https://fmplayer.net/fm-26/julian-niehues-91206104
Oliver Nielsen,Oliver Nielsen FM26 Profile,partial,130,130,130,80,https://fmplayer.net/fm-26/oliver-nielsen-27134883
Saúl Ñíguez,Saúl FM26 Profile,first_result,140,130,130,140,https://fmplayer.net/fm-26/saul-67103336
Adrian Niño,Adrián Niño FM26 Profile,first_result,110,150,140,110,https://fmplayer.net/fm-26/adrian-nino-2000143020
Christopher Nkunku,Christopher Nkunku FM26 Profile,partial,140,150,150,120,https://fmplayer.net/fm-26/christopher-nkunku-85140301
Felix Nmecha,Felix Nmecha FM26 Profile,partial,150,160,130,130,https://fmplayer.net/fm-26/felix-nmecha-28113827
Arnaud Nordin,Arnaud Nordin FM26 Profile,partial,120,140,150,120,https://fmplayer.net/fm-26/arnaud-nordin-85145157
Plamedi Nsingi,Plamedi Nsingi FM26 Profile,partial,110,110,110,120,https://fmplayer.net/fm-26/plamedi-nsingi-2000210943
Randy Nteka,Randy Nteka FM26 Profile,partial,110,150,150,170,https://fmplayer.net/fm-26/randy-nteka-67277397
Darwin Núñez,Darwin Núñez FM26 Profile,partial,140,170,170,150,https://fmplayer.net/fm-26/darwin-nunez-78090138
Unai Núñez,Unai Núñez FM26 Profile,partial,120,120,120,140,https://fmplayer.net/fm-26/unai-nunez-67214595
Rabby Nzingoula,Rabby Nzingoula FM26 Profile,partial,120,130,130,170,https://fmplayer.net/fm-26/rabby-nzingoula-2000205570
M'Bala Nzola,M'Bala Nzola FM26 Profile,partial,150,140,130,110,https://fmplayer.net/fm-26/mbala-nzola-83103196
Marwann Nzuzi,Marwann Nzuzi FM26 Profile,partial,110,120,120,100,https://fmplayer.net/fm-26/marwann-nzuzi-2000116625
Christian Nørgaard,Christian Nørgaard FM26 Profile,partial,160,120,120,160,https://fmplayer.net/fm-26/christian-norgaard-27039017
Jake O'Brien,Jake O'Brien FM26 Profile,partial,140,160,160,140,https://fmplayer.net/fm-26/jake-obrien-52101552
Matt O'Riley,Matt O'Riley FM26 Profile,partial,130,120,120,120,https://fmplayer.net/fm-26/matt-oriley-29186052
Dara O'Shea,Dara O'Shea FM26 Profile,partial,130,150,140,140,https://fmplayer.net/fm-26/dara-oshea-28106528
Adam Obert,Adam Obert FM26 Profile,partial,140,140,130,130,https://fmplayer.net/fm-26/adam-obert-43461908
Chidozie Obi-Martin,Chidozie Awaziem FM26 Profile,first_result,140,140,130,130,https://fmplayer.net/fm-26/chidozie-awaziem-84125462
Lucas Ocampos,Lucas Ocampos FM26 Profile,partial,140,150,140,170,https://fmplayer.net/fm-26/lucas-ocampos-14031132
David Odogu,David Odogu FM26 Profile,partial,110,140,130,140,https://fmplayer.net/fm-26/david-odogu-2000218552
Álvaro Odriozola,Álvaro Odriozola FM26 Profile,partial,120,140,150,150,https://fmplayer.net/fm-26/alvaro-odriozola-67199408
Tim Oermann,Tim Oermann FM26 Profile,partial,130,160,140,160,https://fmplayer.net/fm-26/tim-oermann-2000070513
Chiedozie Ogbene,Chiedozie Ogbene FM26 Profile,partial,120,170,170,120,https://fmplayer.net/fm-26/chiedozie-ogbene-52079878
Ifechukwu Ogbus,Bruno Ogbus FM26 Profile,first_result,120,140,130,140,https://fmplayer.net/fm-26/bruno-ogbus-2000209904
Thiago Ojeda,Thiago Ojeda FM26 Profile,partial,110,110,120,120,https://fmplayer.net/fm-26/thiago-ojeda-14249509
Noah Okafor,Noah Okafor FM26 Profile,partial,110,150,150,120,https://fmplayer.net/fm-26/noah-okafor-98040226
Caleb Okoli,Caleb Okoli FM26 Profile,partial,160,120,130,150,https://fmplayer.net/fm-26/caleb-okoli-43372285
Yllan Okou,Yllan Okou FM26 Profile,partial,130,120,120,110,https://fmplayer.net/fm-26/yllan-okou-49061578
Joseph Okumu,Joseph Okumu FM26 Profile,partial,130,130,130,120,https://fmplayer.net/fm-26/joseph-okumu-20046877
Aingeru Olabarrieta,Aingeru Olabarrieta FM26 Profile,partial,110,130,140,120,https://fmplayer.net/fm-26/aingeru-olabarrieta-2000182609
Olasagasti,Jon Ander Olasagasti FM26 Profile,partial,140,120,120,140,https://fmplayer.net/fm-26/jon-ander-olasagasti-67262370
Finn Ole Becker,Finn Becker FM26 Profile,first_result,150,140,130,150,https://fmplayer.net/fm-26/finn-becker-91184463
Brian Oliván,Brian Oliván FM26 Profile,partial,130,130,130,130,https://fmplayer.net/fm-26/brian-olivan-67144038
Lucas Oliveira Rosa,Lucas Rosa FM26 Profile,first_result,130,140,130,140,https://fmplayer.net/fm-26/lucas-rosa-19303820
Mathías Olivera,Mathías Olivera FM26 Profile,partial,140,140,140,150,https://fmplayer.net/fm-26/mathias-olivera-78076343
Warmed Omari,Warmed Omari FM26 Profile,partial,110,150,130,120,https://fmplayer.net/fm-26/warmed-omari-49037825
Becir Omeragic,Bećir Omeragić FM26 Profile,first_result,140,120,130,130,https://fmplayer.net/fm-26/becir-omeragic-98046083
Andrew Omobamidele,Andrew Omobamidele FM26 Profile,partial,130,150,150,120,https://fmplayer.net/fm-26/andrew-omobamidele-29218111
Amadou Onana,Amadou Onana FM26 Profile,partial,150,170,130,140,https://fmplayer.net/fm-26/amadou-onana-91207274
Jean Onana,Jean Pierre Onana Mvogo FM26 Profile,first_result,100,100,120,90,https://fmplayer.net/fm-26/jean-pierre-onana-mvogo-2000119700
Paul Onuachu,Paul Onuachu FM26 Profile,partial,130,130,90,140,https://fmplayer.net/fm-26/paul-onuachu-27091941
Frank Onyeka,Frank Onyeka FM26 Profile,partial,150,160,130,170,https://fmplayer.net/fm-26/frank-onyeka-27129125
Fredrik Oppegard,Fredrik Oppegård FM26 Profile,first_result,150,130,130,140,https://fmplayer.net/fm-26/fredrik-oppegard-53165604
Victor Orakpo,Victor Orakpo FM26 Profile,partial,50,90,130,100,https://fmplayer.net/fm-26/victor-orakpo-2000333587
Ike Orazi,Brendan Hines-Ike FM26 Profile,first_result,130,130,130,110,https://fmplayer.net/fm-26/brendan-hines-ike-72046354
Willi Orban,Willi Orbán FM26 Profile,first_result,140,120,110,160,https://fmplayer.net/fm-26/willi-orban-91011532
Ivan Ordets,Ivan Ordets FM26 Profile,partial,100,120,90,150,https://fmplayer.net/fm-26/ivan-ordets-71023433
Lewis Orford,Lewis Orford FM26 Profile,partial,80,90,100,120,https://fmplayer.net/fm-26/lewis-orford-2000183395
Aimar Oroz,Aimar FM26 Profile,first_result,140,130,130,140,https://fmplayer.net/fm-26/aimar-67276375
Riccardo Orsolini,Riccardo Orsolini FM26 Profile,partial,150,150,150,140,https://fmplayer.net/fm-26/riccardo-orsolini-43162321
Ángel Ortíz,Ángel Ortiz FM26 Profile,first_result,140,140,150,160,https://fmplayer.net/fm-26/angel-ortiz-2000137137
Gabriel Osho,Gabriel Osho FM26 Profile,partial,150,140,140,140,https://fmplayer.net/fm-26/gabriel-osho-29139721
Yordan Osorio,Yordan Osorio FM26 Profile,partial,130,110,120,140,https://fmplayer.net/fm-26/yordan-osorio-86043118
Patrick Osterhage,Patrick Osterhage FM26 Profile,partial,170,150,130,170,https://fmplayer.net/fm-26/patrick-osterhage-91187649
William Osula,William Osula FM26 Profile,partial,130,160,150,150,https://fmplayer.net/fm-26/william-osula-28128173
Jibril Othman,Jibril Othman FM26 Profile,partial,120,130,130,70,https://fmplayer.net/fm-26/jibril-othman-2000006284
Sebastian Otoa,Sebastian Otoa FM26 Profile,partial,130,130,110,110,https://fmplayer.net/fm-26/sebastian-otoa-2000120656
David Otorbi,David Otorbi FM26 Profile,partial,110,130,130,130,https://fmplayer.net/fm-26/david-otorbi-2000300159
Dango Ouattara,Dango Ouattara FM26 Profile,partial,130,150,150,150,https://fmplayer.net/fm-26/dango-ouattara-12091814
Assan Ouedraogo,Assan Ouédraogo FM26 Profile,first_result,130,130,130,120,https://fmplayer.net/fm-26/assan-ouedraogo-2000188173
Zinédine Ould Khaled,Zinédine Ould Khaled FM26 Profile,partial,140,140,110,140,https://fmplayer.net/fm-26/zinedine-ould-khaled-49054732
Cheick Oumar Conde,Cheick Conde FM26 Profile,first_result,140,110,110,130,https://fmplayer.net/fm-26/cheick-conde-25062818
Beres Owusu,Beres Owusu FM26 Profile,partial,130,130,110,130,https://fmplayer.net/fm-26/beres-owusu-2000208216
Elisha Owusu,Elisha Owusu FM26 Profile,partial,160,120,130,150,https://fmplayer.net/fm-26/elisha-owusu-48036651
Mikel Oyarzabal,Mikel Oyarzábal FM26 Profile,first_result,130,120,120,160,https://fmplayer.net/fm-26/mikel-oyarzabal-67220143
Daniel Oyegoke,Daniel Oyegoke FM26 Profile,partial,130,140,140,120,https://fmplayer.net/fm-26/daniel-oyegoke-28126139
Salih Özcan,Salih Özcan FM26 Profile,partial,150,130,120,160,https://fmplayer.net/fm-26/salih-ozcan-91139869
Cenk Özkacar,Cenk Özkacar FM26 Profile,partial,120,130,120,160,https://fmplayer.net/fm-26/cenk-ozkacar-70118933
Nico O’Reilly,Nico O'Reilly FM26 Profile,first_result,150,130,160,140,https://fmplayer.net/fm-26/nico-oreilly-2000101285
Jon Pacheco,Jon Pacheco FM26 Profile,partial,140,120,120,140,https://fmplayer.net/fm-26/jon-pacheco-67269422
Willian Pacho,Willian Pacho FM26 Profile,partial,150,150,140,150,https://fmplayer.net/fm-26/willian-pacho-86075795
Exequiel Palacios,Exequiel Palacios FM26 Profile,partial,160,130,120,160,https://fmplayer.net/fm-26/exequiel-palacios-14110846
Tomás Palacios,Tomás Palacios FM26 Profile,partial,140,120,130,140,https://fmplayer.net/fm-26/tomas-palacios-2000096439
Marco Palestra,Marco Palestra FM26 Profile,partial,130,140,140,100,https://fmplayer.net/fm-26/marco-palestra-2000136198
João Palhinha,João Palhinha FM26 Profile,partial,160,130,110,190,https://fmplayer.net/fm-26/joao-palhinha-55070285
Nicolas Pallois,Nicolas Pallois FM26 Profile,partial,130,100,100,140,https://fmplayer.net/fm-26/nicolas-pallois-85074521
Matteo Palma,Matteo Palma FM26 Profile,partial,110,140,130,130,https://fmplayer.net/fm-26/matteo-palma-2000383145
Emerson Palmieri,Norberto Palmieri FM26 Profile,first_result,140,120,130,130,https://fmplayer.net/fm-26/norberto-palmieri-14119475
Mats Pannewig,,not_found,,,,,
Aitor Paredes,Aitor Paredes FM26 Profile,partial,130,130,140,140,https://fmplayer.net/fm-26/aitor-paredes-67276232
Kevin Paredes,Kevin Paredes FM26 Profile,partial,140,140,150,160,https://fmplayer.net/fm-26/kevin-paredes-72056310
Leandro Paredes,Leandro Paredes FM26 Profile,partial,140,100,120,140,https://fmplayer.net/fm-26/leandro-paredes-14024702
Daniel Parejo,Dani Parejo FM26 Profile,first_result,100,80,80,160,https://fmplayer.net/fm-26/dani-parejo-67030707
Iago Parente,Tiago Parente FM26 Profile,partial,130,130,130,130,https://fmplayer.net/fm-26/tiago-parente-2000127255
Mario Pašalić,Mario Pašalić FM26 Profile,partial,130,130,130,130,https://fmplayer.net/fm-26/mario-pasalic-24021244
Álvaro Pascual,Jorge Pascual FM26 Profile,first_result,70,120,150,120,https://fmplayer.net/fm-26/jorge-pascual-2000019418
Patric,Patrick Pentz FM26 Profile,partial,120,100,90,130,https://fmplayer.net/fm-26/patrick-pentz-16147449
Nathan Patterson,Nathan Patterson FM26 Profile,partial,170,150,150,140,https://fmplayer.net/fm-26/nathan-patterson-61083649
Benjamin Pavard,Benjamin Pavard FM26 Profile,partial,140,140,120,160,https://fmplayer.net/fm-26/benjamin-pavard-85120944
Aleksandar Pavlovic,Aleksandar Pavlović FM26 Profile,first_result,170,120,110,130,https://fmplayer.net/fm-26/aleksandar-pavlovic-2000171034
Strahinja Pavlović,Strahinja Pavlović FM26 Profile,partial,150,130,100,140,https://fmplayer.net/fm-26/strahinja-pavlovic-62220026
Martín Payero,Martín Payero FM26 Profile,partial,130,130,130,140,https://fmplayer.net/fm-26/martin-payero-14196681
Mads Pedersen,Mads Pedersen FM26 Profile,partial,140,140,150,150,https://fmplayer.net/fm-26/mads-pedersen-27088224
Marcus Pedersen,Marcus Pedersen FM26 Profile,partial,90,80,70,130,https://fmplayer.net/fm-26/marcus-pedersen-771985
Pedri,Pedri FM26 Profile,partial,160,130,140,160,https://fmplayer.net/fm-26/pedri-67293495
Kévin Pedro,Kevin Pedro FM26 Profile,first_result,80,60,120,40,https://fmplayer.net/fm-26/kevin-pedro-2000208550
Adrià Pedrosa,Adrià Pedrosa FM26 Profile,partial,150,140,150,130,https://fmplayer.net/fm-26/adria-pedrosa-95035991
Jordan Pefok,Jordan Henderson FM26 Profile,first_result,150,120,120,170,https://fmplayer.net/fm-26/jordan-henderson-28005568
Pejiño,Pejiño FM26 Profile,partial,100,130,140,100,https://fmplayer.net/fm-26/pejino-67213926
Pietro Pellegri,Pietro Pellegri FM26 Profile,partial,120,120,130,140,https://fmplayer.net/fm-26/pietro-pellegri-43344129
Lorenzo Pellegrini,Lorenzo Pellegrini FM26 Profile,partial,130,120,130,140,https://fmplayer.net/fm-26/lorenzo-pellegrini-43094100
Luca Pellegrini,Luca Pellegrini FM26 Profile,partial,120,140,140,160,https://fmplayer.net/fm-26/luca-pellegrini-43252226
Mateo Pellegrino,Mateo Pellegrino FM26 Profile,partial,140,120,100,140,https://fmplayer.net/fm-26/mateo-pellegrino-14217538
Théo Pellenard,Théo Pellenard FM26 Profile,partial,130,120,110,120,https://fmplayer.net/fm-26/theo-pellenard-85080137
Andy Pelmard,Andy Pelmard FM26 Profile,partial,140,140,140,90,https://fmplayer.net/fm-26/andy-pelmard-49039039
Timothee Pembele,Timothée Pembélé FM26 Profile,first_result,130,140,140,110,https://fmplayer.net/fm-26/timothee-pembele-49058792
Faris Pemi Moumbagna,Pemi Aderoju FM26 Profile,first_result,100,130,120,130,https://fmplayer.net/fm-26/pemi-aderoju-2000320540
Andreas Pereira,Andreas Pereira FM26 Profile,partial,130,140,140,160,https://fmplayer.net/fm-26/andreas-pereira-28085588
Pedro Pereira,Pedro Pereira FM26 Profile,partial,130,140,150,140,https://fmplayer.net/fm-26/pedro-pereira-55082273
Ricardo Pereira,Ricardo Pereira FM26 Profile,partial,120,130,130,140,https://fmplayer.net/fm-26/ricardo-pereira-55062009
Gastón Pereiro,Gastón Pereiro FM26 Profile,partial,120,120,120,40,https://fmplayer.net/fm-26/gaston-pereiro-78048430
Ayoze Pérez,Ayoze Pérez FM26 Profile,partial,150,130,140,150,https://fmplayer.net/fm-26/ayoze-perez-67172040
Kike Pérez,Kike Pérez FM26 Profile,partial,130,130,130,130,https://fmplayer.net/fm-26/kike-perez-67213140
Luis Pérez,Luis Pérez FM26 Profile,partial,150,140,140,160,https://fmplayer.net/fm-26/luis-perez-67199621
Nehuén Pérez,Nehuén Pérez FM26 Profile,partial,140,140,140,130,https://fmplayer.net/fm-26/nehuen-perez-14181374
Romain Perraud,Romain Perraud FM26 Profile,partial,130,130,150,160,https://fmplayer.net/fm-26/romain-perraud-48036809
Máximo Perrone,Máximo Perrone FM26 Profile,partial,130,130,130,130,https://fmplayer.net/fm-26/maximo-perrone-14227360
Noah Pesch,Noah Pesch FM26 Profile,partial,120,130,140,120,https://fmplayer.net/fm-26/noah-pesch-2000130471
Matteo Pessina,Matteo Pessina FM26 Profile,partial,130,120,140,140,https://fmplayer.net/fm-26/matteo-pessina-43155796
Andrea Petagna,Andrea Petagna FM26 Profile,partial,110,100,100,160,https://fmplayer.net/fm-26/andrea-petagna-43091160
Léo Pétrot,Léo Pétrot FM26 Profile,partial,130,130,120,130,https://fmplayer.net/fm-26/leo-petrot-48043564
Valentín Pezzolesi,Valentín Pezzolesi FM26 Profile,partial,100,140,150,90,https://fmplayer.net/fm-26/valentin-pezzolesi-2000383194
Kalvin Phillips,Kalvin Phillips FM26 Profile,partial,170,120,120,160,https://fmplayer.net/fm-26/kalvin-phillips-29113879
Pica,Hugo Picard FM26 Profile,partial,120,120,150,110,https://fmplayer.net/fm-26/hugo-picard-49058988
Roberto Piccoli,Roberto Piccoli FM26 Profile,partial,140,140,130,140,https://fmplayer.net/fm-26/roberto-piccoli-43372280
Benedikt Pichler,Benedikt Pichler FM26 Profile,partial,130,150,130,160,https://fmplayer.net/fm-26/benedikt-pichler-16045033
Amos Pieper,Amos Pieper FM26 Profile,partial,140,130,120,150,https://fmplayer.net/fm-26/amos-pieper-91173279
Nicholas Pierini,Nicholas Pierini FM26 Profile,partial,130,130,130,120,https://fmplayer.net/fm-26/nicholas-pierini-43206238
Santiago Pierotti,Santiago Pierotti FM26 Profile,partial,130,140,130,140,https://fmplayer.net/fm-26/santiago-pierotti-14230113
Balthazar Pierret,Balthazar Pierret FM26 Profile,partial,130,100,110,140,https://fmplayer.net/fm-26/balthazar-pierret-49062629
Andrea Pinamonti,Andrea Pinamonti FM26 Profile,partial,140,140,140,130,https://fmplayer.net/fm-26/andrea-pinamonti-43252773
Ethan Pinnock,Ethan Pinnock FM26 Profile,partial,130,120,110,140,https://fmplayer.net/fm-26/ethan-pinnock-89040516
Nicola Pintus,Nicola Pintus FM26 Profile,partial,50,120,130,70,https://fmplayer.net/fm-26/nicola-pintus-2000103851
Niccolò Pisilli,Niccolò Pisilli FM26 Profile,partial,140,140,140,140,https://fmplayer.net/fm-26/niccolo-pisilli-2000097929
Tommaso Pobega,Tommaso Pobega FM26 Profile,partial,140,130,120,130,https://fmplayer.net/fm-26/tommaso-pobega-43269242
Joel Pohjanpalo,Joel Pohjanpalo FM26 Profile,partial,120,110,100,140,https://fmplayer.net/fm-26/joel-pohjanpalo-33027508
Alfie Pond,Alfie Pond FM26 Profile,partial,70,90,100,90,https://fmplayer.net/fm-26/alfie-pond-2000049507
Marin Pongračić,Marin Pongračić FM26 Profile,partial,130,140,140,90,https://fmplayer.net/fm-26/marin-pongracic-91175664
Pedro Porro,Pedro Porro FM26 Profile,partial,150,150,160,130,https://fmplayer.net/fm-26/pedro-porro-67268221
Stefan Posch,Stefan Posch FM26 Profile,partial,150,140,120,110,https://fmplayer.net/fm-26/stefan-posch-16147386
Beñat Prados,Beñat Prados FM26 Profile,partial,130,140,140,160,https://fmplayer.net/fm-26/benat-prados-67277835
Alexander Prass,Alexander Prass FM26 Profile,partial,160,140,140,160,https://fmplayer.net/fm-26/alexander-prass-16191722
Matteo Prati,Matteo Prati FM26 Profile,partial,130,130,120,120,https://fmplayer.net/fm-26/matteo-prati-2000021281
Grischa Prömel,Grischa Prömel FM26 Profile,partial,170,120,120,180,https://fmplayer.net/fm-26/grischa-promel-91144397
Ivan Prtajin,Ivan Prtajin FM26 Profile,partial,120,130,120,130,https://fmplayer.net/fm-26/ivan-prtajin-43212419
Tymoteusz Puchacz,Tymoteusz Puchacz FM26 Profile,partial,130,150,140,100,https://fmplayer.net/fm-26/tymoteusz-puchacz-96086694
Diego Pugno,Diego Pugno FM26 Profile,partial,110,120,130,130,https://fmplayer.net/fm-26/diego-pugno-2000205921
Jarell Quansah,Jarell Quansah FM26 Profile,partial,120,140,140,150,https://fmplayer.net/fm-26/jarell-quansah-28127161
Leopold Querfeld,Leopold Querfeld FM26 Profile,partial,140,110,100,150,https://fmplayer.net/fm-26/leopold-querfeld-16337125
Adrien Rabiot,Adrien Rabiot FM26 Profile,partial,180,160,130,160,https://fmplayer.net/fm-26/adrien-rabiot-85086031
Hamza Rafia,Hamza Rafia FM26 Profile,partial,130,130,130,110,https://fmplayer.net/fm-26/hamza-rafia-48044736
Antonio Raillo,Antonio Raíllo FM26 Profile,first_result,150,120,100,170,https://fmplayer.net/fm-26/antonio-raillo-67148381
Ylber Ramadani,Ylber Ramadani FM26 Profile,partial,160,130,130,160,https://fmplayer.net/fm-26/ylber-ramadani-11027837
Jacobo Ramón,Jacobo Ramón FM26 Profile,partial,140,120,130,140,https://fmplayer.net/fm-26/jacobo-ramon-2000214886
Gonçalo Ramos,Gonçalo Ramos FM26 Profile,partial,160,140,130,150,https://fmplayer.net/fm-26/goncalo-ramos-83209468
Luca Ranieri,Luca Ranieri FM26 Profile,partial,140,140,140,150,https://fmplayer.net/fm-26/luca-ranieri-43270506
Grant Ranos,Grant Ranos FM26 Profile,partial,110,130,130,120,https://fmplayer.net/fm-26/grant-ranos-2000065729
Andrei Ratiu,Andrei Raţiu FM26 Profile,first_result,170,180,160,150,https://fmplayer.net/fm-26/andrei-ratiu-67217491
David Raum,David Raum FM26 Profile,partial,170,160,150,170,https://fmplayer.net/fm-26/david-raum-91175517
Harrison Reed,Harrison Reed FM26 Profile,partial,150,110,130,160,https://fmplayer.net/fm-26/harrison-reed-29076104
Remy Rees-Dottin,Rémy Labeau Lascary FM26 Profile,first_result,130,140,130,150,https://fmplayer.net/fm-26/remy-labeau-lascary-2000025698
Sergio Reguilón,Sergio Reguilón FM26 Profile,partial,150,150,150,160,https://fmplayer.net/fm-26/sergio-reguilon-67211900
Tijjani Reijnders,Tijjani Reijnders FM26 Profile,partial,150,140,140,150,https://fmplayer.net/fm-26/tijjani-reijnders-37071126
Vitor Reis,Vitor Reis FM26 Profile,partial,150,130,130,130,https://fmplayer.net/fm-26/vitor-reis-2000221609
Rocco Reitz,Rocco Reitz FM26 Profile,partial,160,130,130,180,https://fmplayer.net/fm-26/rocco-reitz-91206105
Nicolai Remberg,Nicolai Remberg FM26 Profile,partial,160,130,120,180,https://fmplayer.net/fm-26/nicolai-remberg-2000036575
Devyne Rensch,Devyne Rensch FM26 Profile,partial,140,140,140,150,https://fmplayer.net/fm-26/devyne-rensch-37073313
Daniel Requena,Daniel Jesus Requena Gorrin FM26 Profile,first_result,110,70,60,110,https://fmplayer.net/fm-26/daniel-jesus-requena-gorrin-2000269398
Mateo Retegui,Mateo Retegui FM26 Profile,partial,140,140,140,160,https://fmplayer.net/fm-26/mateo-retegui-14180903
Elvis Rexhbeçaj,Elvis Rexhbeçaj FM26 Profile,partial,160,120,120,170,https://fmplayer.net/fm-26/elvis-rexhbecaj-91177383
Gio Reyna,Gio Calderón FM26 Profile,first_result,120,80,70,80,https://fmplayer.net/fm-26/gio-calderon-2000110908
Chadi Riad,Chadi Riad FM26 Profile,partial,130,140,130,140,https://fmplayer.net/fm-26/chadi-riad-2000058232
Alexsandro Ribeiro,Alexsandro Ribeiro FM26 Profile,partial,140,140,140,140,https://fmplayer.net/fm-26/alexsandro-ribeiro-83282675
Samuele Ricci,Samuele Ricci FM26 Profile,partial,150,130,130,140,https://fmplayer.net/fm-26/samuele-ricci-43390774
Declan Rice,Declan Rice FM26 Profile,partial,170,130,130,170,https://fmplayer.net/fm-26/declan-rice-28106491
Chris Richards,Chris Richards FM26 Profile,partial,140,150,140,140,https://fmplayer.net/fm-26/chris-richards-72051563
Amir Richardson,Amir Richardson FM26 Profile,partial,130,140,120,140,https://fmplayer.net/fm-26/amir-richardson-2000108547
Richarlison,Richarlison FM26 Profile,partial,170,150,150,160,https://fmplayer.net/fm-26/richarlison-19265858
Diego Rico,Diego Rico FM26 Profile,partial,160,130,130,160,https://fmplayer.net/fm-26/diego-rico-67149986
Luis Rioja,Luis Rioja FM26 Profile,partial,140,170,150,170,https://fmplayer.net/fm-26/luis-rioja-67196000
Sergi Roberto,Sergi Roberto FM26 Profile,partial,120,110,120,150,https://fmplayer.net/fm-26/sergi-roberto-67063007
Andrew Robertson,Andrew Robertson FM26 Profile,partial,180,150,160,170,https://fmplayer.net/fm-26/andrew-robertson-61043456
Antonee Robinson,Antonee Robinson FM26 Profile,partial,160,170,170,170,https://fmplayer.net/fm-26/antonee-robinson-29125265
Marc Roca,Marc Roca FM26 Profile,partial,140,110,120,150,https://fmplayer.net/fm-26/marc-roca-67211094
Rodri,Rodri FM26 Profile,partial,170,130,140,160,https://fmplayer.net/fm-26/rodri-67217524
Alejandro Rodriguez,Alejandro Rodríguez FM26 Profile,first_result,130,120,120,120,https://fmplayer.net/fm-26/alejandro-rodriguez-76058682
Álvaro Rodríguez,Álvaro Rodríguez FM26 Profile,partial,150,130,120,150,https://fmplayer.net/fm-26/alvaro-rodriguez-2000218258
Arturo Rodríguez,Arturo Rodríguez FM26 Profile,partial,110,110,80,150,https://fmplayer.net/fm-26/arturo-rodriguez-67171411
Damián Rodríguez,Damian Rodriguez FM26 Profile,first_result,120,110,140,90,https://fmplayer.net/fm-26/damian-rodriguez-2000241713
Daniel Rodriguez,Daniel Rodriguez FM26 Profile,partial,120,130,140,130,https://fmplayer.net/fm-26/daniel-rodriguez-83191607
Guido Rodríguez,Guido Rodríguez FM26 Profile,partial,140,110,110,150,https://fmplayer.net/fm-26/guido-rodriguez-14043255
Javi Rodríguez,Javi Rodríguez FM26 Profile,partial,130,140,140,150,https://fmplayer.net/fm-26/javi-rodriguez-2000124157
Jesus Rodríguez,Jesús Rodríguez FM26 Profile,first_result,130,140,150,140,https://fmplayer.net/fm-26/jesus-rodriguez-2000312673
Kirian Rodríguez,Kirian FM26 Profile,first_result,130,120,120,130,https://fmplayer.net/fm-26/kirian-67228932
Ricardo Rodríguez,Ricardo Rodríguez FM26 Profile,partial,120,110,120,120,https://fmplayer.net/fm-26/ricardo-rodriguez-98003635
Mads Roerslev,Mads Roerslev FM26 Profile,partial,150,130,130,150,https://fmplayer.net/fm-26/mads-roerslev-27122563
Alessio Romagnoli,Alessio Romagnoli FM26 Profile,partial,150,130,120,150,https://fmplayer.net/fm-26/alessio-romagnoli-43093395
Carlos Romero,Carlos Romero FM26 Profile,partial,140,150,140,130,https://fmplayer.net/fm-26/carlos-romero-2000019413
Cristian Romero,Cristian Romero FM26 Profile,partial,140,140,140,170,https://fmplayer.net/fm-26/cristian-romero-14130029
Isaac Romero,Isaac Romero FM26 Profile,partial,140,140,140,170,https://fmplayer.net/fm-26/isaac-romero-67295600
Oriol Romeu,Oriol Romeu FM26 Profile,partial,160,110,100,170,https://fmplayer.net/fm-26/oriol-romeu-67043255
Vitor Roque,Vitor Roque FM26 Profile,partial,150,150,150,160,https://fmplayer.net/fm-26/vitor-roque-2000095783
Lasse Rosenboom,Lasse Rosenboom FM26 Profile,partial,140,140,130,150,https://fmplayer.net/fm-26/lasse-rosenboom-91187792
Max Rosenfelder,Max Rosenfelder FM26 Profile,partial,120,160,140,130,https://fmplayer.net/fm-26/max-rosenfelder-2000068498
Valentin Rosier,Valentin Rosier FM26 Profile,partial,140,150,140,140,https://fmplayer.net/fm-26/valentin-rosier-50047466
Anthony Rouault,Anthony Rouault FM26 Profile,partial,130,120,120,130,https://fmplayer.net/fm-26/anthony-rouault-49047179
Jonas Rouhi,Jonas Rouhi FM26 Profile,partial,120,140,130,90,https://fmplayer.net/fm-26/jonas-rouhi-2000008080
Nicolò Rovella,Nicolò Rovella FM26 Profile,partial,140,130,130,150,https://fmplayer.net/fm-26/nicolo-rovella-43372892
Amir Rrahmani,Amir Rrahmani FM26 Profile,partial,170,130,120,160,https://fmplayer.net/fm-26/amir-rrahmani-11023165
Tommaso Rubino,Tommaso Rubino FM26 Profile,partial,80,120,140,140,https://fmplayer.net/fm-26/tommaso-rubino-2000271667
Antonio Rüdiger,Antonio Rüdiger FM26 Profile,partial,160,160,160,150,https://fmplayer.net/fm-26/antonio-rudiger-92023410
Matteo Ruggeri,Matteo Ruggeri FM26 Profile,partial,160,150,140,150,https://fmplayer.net/fm-26/matteo-ruggeri-43425834
Abel Ruiz,Abel Ruiz FM26 Profile,partial,150,140,140,130,https://fmplayer.net/fm-26/abel-ruiz-67245418
Ferrán Ruiz,Ferran Ruiz FM26 Profile,first_result,110,120,130,110,https://fmplayer.net/fm-26/ferran-ruiz-2000126412
Fabián Ruiz Peña,Fabián Peñaloza FM26 Profile,first_result,10,110,90,40,https://fmplayer.net/fm-26/fabian-penaloza-2000059195
Julian Ryerson,Julian Ryerson FM26 Profile,partial,160,130,130,180,https://fmplayer.net/fm-26/julian-ryerson-53113114
Youssouf Sabaly,Youssouf Sabaly FM26 Profile,partial,150,110,140,160,https://fmplayer.net/fm-26/youssouf-sabaly-85057304
Stefano Sabelli,Stefano Sabelli FM26 Profile,partial,130,140,130,160,https://fmplayer.net/fm-26/stefano-sabelli-43093403
Marcel Sabitzer,Marcel Sabitzer FM26 Profile,partial,160,130,120,170,https://fmplayer.net/fm-26/marcel-sabitzer-16045721
Falaye Sacko,Falaye Sacko FM26 Profile,partial,140,140,150,140,https://fmplayer.net/fm-26/falaye-sacko-13162801
Umar Sadiq,Umar Sadiq FM26 Profile,partial,140,160,160,120,https://fmplayer.net/fm-26/umar-sadiq-43195181
Jorge Sáenz,Jorge Sáenz FM26 Profile,partial,130,130,120,140,https://fmplayer.net/fm-26/jorge-saenz-67198216
Modibo Sagnan,Modibo Sagnan FM26 Profile,partial,150,130,120,150,https://fmplayer.net/fm-26/modibo-sagnan-48036568
Richie Sagrado,Richie Sagrado FM26 Profile,partial,120,140,130,130,https://fmplayer.net/fm-26/richie-sagrado-2000022190
Wesley Saïd,Wesley Saïd FM26 Profile,partial,120,140,150,120,https://fmplayer.net/fm-26/wesley-said-85104577
Théo Sainte-Luce,Carl Sainté FM26 Profile,first_result,120,120,110,120,https://fmplayer.net/fm-26/carl-sainte-2000025433
Faik Sakar,Faik Sakar FM26 Profile,partial,110,130,130,130,https://fmplayer.net/fm-26/faik-sakar-2000330431
Marco Sala,Marco Sala FM26 Profile,partial,130,120,120,140,https://fmplayer.net/fm-26/marco-sala-43323122
Ibrahim Salah,Ibrahim Salah FM26 Profile,partial,100,150,150,120,https://fmplayer.net/fm-26/ibrahim-salah-2000120643
Mohamed Salah,Mohamed Salah FM26 Profile,partial,170,160,160,180,https://fmplayer.net/fm-26/mohamed-salah-98028755
Anass Salah-Eddine,Anass Zaroury FM26 Profile,first_result,120,130,130,100,https://fmplayer.net/fm-26/anass-zaroury-18106037
Amine Salama,Amine Salama FM26 Profile,partial,130,130,120,130,https://fmplayer.net/fm-26/amine-salama-2000180911
Kike Salas,Kike Salas FM26 Profile,partial,140,140,130,130,https://fmplayer.net/fm-26/kike-salas-2000165617
William Saliba,William Saliba FM26 Profile,partial,160,140,140,150,https://fmplayer.net/fm-26/william-saliba-49039004
Mohammed Salisu,Mohammed Salisu FM26 Profile,partial,150,140,130,140,https://fmplayer.net/fm-26/mohammed-salisu-67270690
Yoann Salmier,Yoann Salmier FM26 Profile,partial,140,120,90,130,https://fmplayer.net/fm-26/yoann-salmier-49031215
Lazar Samardzic,Lazar Samardžić FM26 Profile,first_result,120,120,130,110,https://fmplayer.net/fm-26/lazar-samardzic-91182849
Diadie Samassékou,Diadié Samassékou FM26 Profile,first_result,150,120,120,170,https://fmplayer.net/fm-26/diadie-samassekou-13162061
Mama Samba Baldé,Mama Baldé FM26 Profile,first_result,130,170,160,120,https://fmplayer.net/fm-26/mama-balde-55070279
Albert Sambi Lokonga,Albert Sambi Lokonga FM26 Profile,partial,150,120,120,120,https://fmplayer.net/fm-26/albert-sambi-lokonga-18097160
Chuky san jose,Chuky FM26 Profile,first_result,80,90,110,80,https://fmplayer.net/fm-26/chuky-36510328
Antonio Sanabria,Antonio Sanabria FM26 Profile,partial,130,130,140,110,https://fmplayer.net/fm-26/antonio-sanabria-67181404
Oihan Sancet,Oihan Sancet FM26 Profile,partial,150,140,140,150,https://fmplayer.net/fm-26/oihan-sancet-67260204
Alexis Sánchez,Alexis Sánchez FM26 Profile,partial,120,120,130,140,https://fmplayer.net/fm-26/alexis-sanchez-75000261
Javi Sánchez,Javi Sánchez FM26 Profile,partial,140,130,110,140,https://fmplayer.net/fm-26/javi-sanchez-67216745
Manu Sánchez,Manu Sánchez FM26 Profile,partial,150,140,140,140,https://fmplayer.net/fm-26/manu-sanchez-67284340
Jadon Sancho,Jadon Sancho FM26 Profile,partial,120,140,150,130,https://fmplayer.net/fm-26/jadon-sancho-28108490
Philipp Sander,Philipp Sander FM26 Profile,partial,160,130,120,140,https://fmplayer.net/fm-26/philipp-sander-2000020405
Leroy Sané,Leroy Sané FM26 Profile,partial,120,170,160,100,https://fmplayer.net/fm-26/leroy-sane-91138280
Arouna Sangante,Arouna Sanganté FM26 Profile,first_result,130,130,130,140,https://fmplayer.net/fm-26/arouna-sangante-49062287
Ibrahim Sangaré,Ibrahim Sangaré FM26 Profile,partial,170,120,130,170,https://fmplayer.net/fm-26/ibrahim-sangare-48042717
Maroan Sannadi,Maroan Sannadi FM26 Profile,partial,150,130,130,140,https://fmplayer.net/fm-26/maroan-sannadi-2000212020
Kaishu Sano,Kaishu Sano FM26 Profile,partial,170,150,140,180,https://fmplayer.net/fm-26/kaishu-sano-45116977
Morgan Sanson,Morgan Sanson FM26 Profile,partial,140,100,90,140,https://fmplayer.net/fm-26/morgan-sanson-85046988
Baptiste Santamaria,Baptiste Santamaria FM26 Profile,partial,150,100,100,150,https://fmplayer.net/fm-26/baptiste-santamaria-211515
Jesús Santiago,Jesús Santiago FM26 Profile,partial,130,80,80,80,https://fmplayer.net/fm-26/jesus-santiago-2000007512
Andrey Santos,Andrey Santos FM26 Profile,partial,140,130,130,140,https://fmplayer.net/fm-26/andrey-santos-2000007415
Tiago Santos,Tiago Santos FM26 Profile,partial,130,150,160,160,https://fmplayer.net/fm-26/tiago-santos-83283239
Jeremy Sarmiento,Jeremy Sarmiento FM26 Profile,partial,130,150,150,140,https://fmplayer.net/fm-26/jeremy-sarmiento-83262111
Amin Sarr,Amin Sarr FM26 Profile,partial,120,140,140,130,https://fmplayer.net/fm-26/amin-sarr-93122985
Ismaila Sarr,Ismaïla Sarr FM26 Profile,first_result,140,170,150,140,https://fmplayer.net/fm-26/ismaila-sarr-48042766
Malang Sarr,Malang Sarr FM26 Profile,partial,150,130,130,140,https://fmplayer.net/fm-26/malang-sarr-48036830
Mamadou Sarr,Mamadou Sarr FM26 Profile,partial,120,120,130,120,https://fmplayer.net/fm-26/mamadou-sarr-2000107103
Téji Savanier,Téji Savanier FM26 Profile,partial,100,100,110,130,https://fmplayer.net/fm-26/teji-savanier-85059749
Nicolò Savona,Nicolò Savona FM26 Profile,partial,140,140,140,160,https://fmplayer.net/fm-26/nicolo-savona-43617691
Saba Sazonov,Saba Sazonov FM26 Profile,partial,140,130,120,130,https://fmplayer.net/fm-26/saba-sazonov-58154551
Joe Scally,Joe Scally FM26 Profile,partial,150,150,140,160,https://fmplayer.net/fm-26/joe-scally-72051619
Giorgio Scalvini,Giorgio Scalvini FM26 Profile,partial,130,130,120,160,https://fmplayer.net/fm-26/giorgio-scalvini-43500755
Gianluca Scamacca,Gianluca Scamacca FM26 Profile,partial,120,130,120,150,https://fmplayer.net/fm-26/gianluca-scamacca-37053643
Kevin Schade,Kevin Schade FM26 Profile,partial,130,160,160,130,https://fmplayer.net/fm-26/kevin-schade-91208050
András Schäfer,András Schäfer FM26 Profile,partial,160,130,120,160,https://fmplayer.net/fm-26/andras-schafer-38045397
Fabian Schär,Fabian Schär FM26 Profile,partial,130,130,110,120,https://fmplayer.net/fm-26/fabian-schar-98007212
Patrik Schick,Patrik Schick FM26 Profile,partial,130,140,120,130,https://fmplayer.net/fm-26/patrik-schick-25042141
Joël Schingtienne,Joël Schingtienne FM26 Profile,partial,120,120,120,120,https://fmplayer.net/fm-26/joel-schingtienne-18116048
Xaver Schlager,Xaver Schlager FM26 Profile,partial,160,130,120,170,https://fmplayer.net/fm-26/xaver-schlager-16147660
Keven Schlotterbeck,Keven Schlotterbeck FM26 Profile,partial,120,130,100,160,https://fmplayer.net/fm-26/keven-schlotterbeck-90087316
Nico Schlotterbeck,Nico Schlotterbeck FM26 Profile,partial,130,140,130,180,https://fmplayer.net/fm-26/nico-schlotterbeck-92088306
Romano Schmid,Romano Schmid FM26 Profile,partial,140,140,140,140,https://fmplayer.net/fm-26/romano-schmid-16184737
Niklas Schmidt,Niklas Schmidt FM26 Profile,partial,120,130,120,120,https://fmplayer.net/fm-26/niklas-schmidt-91144391
Jan Schöppner,Jan Schöppner FM26 Profile,partial,170,130,110,160,https://fmplayer.net/fm-26/jan-schoppner-91193886
Alex Scott,Alex Scott FM26 Profile,partial,140,140,130,140,https://fmplayer.net/fm-26/alex-scott-95079228
Aleksandar Sedlar,Aleksandar Sedlar FM26 Profile,partial,140,120,120,140,https://fmplayer.net/fm-26/aleksandar-sedlar-62096070
Alidu Seidu,Alidu Seidu FM26 Profile,partial,140,150,140,130,https://fmplayer.net/fm-26/alidu-seidu-49063222
Hiroki Sekine,Hiroki Sekine FM26 Profile,partial,120,120,130,130,https://fmplayer.net/fm-26/hiroki-sekine-2000283652
Nélson Semedo,Nélson Semedo FM26 Profile,partial,150,160,160,150,https://fmplayer.net/fm-26/nelson-semedo-55061470
Antoine Semenyo,Antoine Semenyo FM26 Profile,partial,140,150,160,120,https://fmplayer.net/fm-26/antoine-semenyo-29194724
Marvin Senaya,Marvin Senaya FM26 Profile,partial,130,130,140,130,https://fmplayer.net/fm-26/marvin-senaya-49054307
Marcos Senesi,Marcos Senesi FM26 Profile,partial,150,120,140,150,https://fmplayer.net/fm-26/marcos-senesi-14080605
Stefano Sensi,Stefano Sensi FM26 Profile,partial,90,90,120,110,https://fmplayer.net/fm-26/stefano-sensi-43109319
Suat Serdar,Suat Serdar FM26 Profile,partial,150,130,130,120,https://fmplayer.net/fm-26/suat-serdar-91137136
Sergi,Sergio Busquets FM26 Profile,partial,100,80,80,100,https://fmplayer.net/fm-26/sergio-busquets-1510566
Nicolás Serrano,Nicolás Serrano FM26 Profile,partial,100,120,110,100,https://fmplayer.net/fm-26/nicolas-serrano-2000052129
Luke Shaw,Luke Shaw FM26 Profile,partial,140,140,140,130,https://fmplayer.net/fm-26/luke-shaw-29076105
Djibril Sidibé,Djibril Sidibé FM26 Profile,partial,130,130,120,140,https://fmplayer.net/fm-26/djibril-sidibe-167575
Vincent Sierro,Vincent Sierro FM26 Profile,partial,140,120,110,150,https://fmplayer.net/fm-26/vincent-sierro-98034038
Tim Siersleben,Tim Siersleben FM26 Profile,partial,140,120,110,150,https://fmplayer.net/fm-26/tim-siersleben-91170080
Zain Silcott-Duberry,Jayden Silcott-Brown FM26 Profile,first_result,70,110,110,70,https://fmplayer.net/fm-26/jayden-silcott-brown-2000283729
Kiliann Sildillia,Kiliann Sildillia FM26 Profile,partial,140,130,140,160,https://fmplayer.net/fm-26/kiliann-sildillia-49048381
André Silva,André Silva FM26 Profile,partial,120,140,130,130,https://fmplayer.net/fm-26/andre-silva-19264972
Caio Henrique Oliveira Silva,Caio Henrique FM26 Profile,first_result,140,150,150,130,https://fmplayer.net/fm-26/caio-henrique-19258927
Fábio Silva,Fábio Silva FM26 Profile,partial,130,140,130,130,https://fmplayer.net/fm-26/fabio-silva-83228802
Mohamed Simakan,Mohamed Simakan FM26 Profile,partial,140,160,130,140,https://fmplayer.net/fm-26/mohamed-simakan-49047065
Giovanni Simeone,Giovanni Simeone FM26 Profile,partial,130,140,140,180,https://fmplayer.net/fm-26/giovanni-simeone-14031138
Giuliano Simeone,Giuliano Simeone FM26 Profile,partial,150,160,150,170,https://fmplayer.net/fm-26/giuliano-simeone-14250859
Xavi Simons,Xavi Simons FM26 Profile,partial,150,140,150,130,https://fmplayer.net/fm-26/xavi-simons-67288555
Jahmai Simpson-Pusey,Jack Simpson FM26 Profile,first_result,130,120,120,130,https://fmplayer.net/fm-26/jack-simpson-29149937
Wilfried Singo,Wilfried Singo FM26 Profile,partial,150,160,140,140,https://fmplayer.net/fm-26/wilfried-singo-12078947
Daley Sinkgraven,Daley Sinkgraven FM26 Profile,partial,120,120,120,130,https://fmplayer.net/fm-26/daley-sinkgraven-37041911
Ayanda Sishuba,Ayanda Sishuba FM26 Profile,partial,120,130,120,100,https://fmplayer.net/fm-26/ayanda-sishuba-2000116924
Ibrahim Sissoko,Ibrahim Sissoko FM26 Profile,partial,130,130,120,150,https://fmplayer.net/fm-26/ibrahim-sissoko-50052996
Ibrahima Sissoko,Ibrahima Sissoko FM26 Profile,partial,160,130,110,160,https://fmplayer.net/fm-26/ibrahima-sissoko-48037152
Ellyes Skhiri,Ellyes Skhiri FM26 Profile,partial,180,120,120,170,https://fmplayer.net/fm-26/ellyes-skhiri-85126092
Oliver Skipp,Oliver Skipp FM26 Profile,partial,160,120,130,170,https://fmplayer.net/fm-26/oliver-skipp-28116496
Leo Skiri Østigård,Leo Østigård FM26 Profile,first_result,130,120,120,180,https://fmplayer.net/fm-26/leo-ostigard-53122155
Milan Škriniar,Milan Škriniar FM26 Profile,partial,140,130,100,160,https://fmplayer.net/fm-26/milan-skriniar-63013145
Naatan Skyttä,Naatan Skyttä FM26 Profile,partial,130,130,140,120,https://fmplayer.net/fm-26/naatan-skytta-33075882
William Smallbone,Will Smallbone FM26 Profile,first_result,130,100,120,140,https://fmplayer.net/fm-26/will-smallbone-28109942
Adam Smith,Adam Smith FM26 Profile,partial,170,140,140,160,https://fmplayer.net/fm-26/adam-smith-28011401
Justin Smith,Justin Smith FM26 Profile,partial,120,130,120,120,https://fmplayer.net/fm-26/justin-smith-2000102142
Emile Smith Rowe,Emile Smith Rowe FM26 Profile,partial,110,140,160,120,https://fmplayer.net/fm-26/emile-smith-rowe-28109599
Ivan Smolčić,Ivan Smolčić FM26 Profile,partial,160,120,110,160,https://fmplayer.net/fm-26/ivan-smolcic-24061267
Eduard Sobol,Eduard Sobol FM26 Profile,partial,130,120,130,130,https://fmplayer.net/fm-26/eduard-sobol-71050075
Simon Sohm,Simon Sohm FM26 Profile,partial,150,130,120,130,https://fmplayer.net/fm-26/simon-sohm-84151691
Arnau Solà,Arnau Solà FM26 Profile,partial,120,140,130,130,https://fmplayer.net/fm-26/arnau-sola-67296656
Dominic Solanke,Dominic Solanke FM26 Profile,partial,160,140,140,190,https://fmplayer.net/fm-26/dominic-solanke-29125191
Oumar Solet,Oumar Solet FM26 Profile,partial,130,130,130,140,https://fmplayer.net/fm-26/oumar-solet-49037684
Jhon Solis,Jhon Solís FM26 Profile,first_result,150,130,130,140,https://fmplayer.net/fm-26/jhon-solis-2000040214
Borna Sosa,Borna Sosa FM26 Profile,partial,130,130,130,100,https://fmplayer.net/fm-26/borna-sosa-24048099
Hugo Sotelo,Hugo Sotelo FM26 Profile,partial,120,120,120,130,https://fmplayer.net/fm-26/hugo-sotelo-2000052526
Tomáš Souček,Tomáš Souček FM26 Profile,partial,190,110,110,180,https://fmplayer.net/fm-26/tomas-soucek-25041687
Boubakary Soumaré,Boubakary Soumaré FM26 Profile,partial,140,120,110,110,https://fmplayer.net/fm-26/boubakary-soumare-48044576
Djibril Sow,Djibril Sow FM26 Profile,partial,170,150,130,140,https://fmplayer.net/fm-26/djibril-sow-98034373
Saidou Sow,Mamadou Saidou Sow FM26 Profile,partial,70,110,130,120,https://fmplayer.net/fm-26/mamadou-saidou-sow-2000490275
Djed Spence,Djed Spence FM26 Profile,partial,160,150,170,120,https://fmplayer.net/fm-26/djed-spence-29178504
Jens Stage,Jens Stage FM26 Profile,partial,160,130,120,180,https://fmplayer.net/fm-26/jens-stage-27104982
Josip Stanišić,Josip Stanišić FM26 Profile,partial,150,150,120,150,https://fmplayer.net/fm-26/josip-stanisic-91190673
Jay Stansfield,Jay Stansfield FM26 Profile,partial,150,130,140,150,https://fmplayer.net/fm-26/jay-stansfield-29228687
Carl Starfelt,Carl Starfelt FM26 Profile,partial,130,130,120,140,https://fmplayer.net/fm-26/carl-starfelt-93055760
Niklas Stark,Niklas Stark FM26 Profile,partial,130,150,120,150,https://fmplayer.net/fm-26/niklas-stark-91109615
Lucas Stassin,Lucas Stassin FM26 Profile,partial,130,120,110,140,https://fmplayer.net/fm-26/lucas-stassin-2000022188
Orri Steinn Óskarsson,Orri Óskarsson FM26 Profile,first_result,140,130,120,140,https://fmplayer.net/fm-26/orri-oskarsson-39062838
Pascal Stenzel,Pascal Stenzel FM26 Profile,partial,150,120,110,130,https://fmplayer.net/fm-26/pascal-stenzel-92065838
Jack Stephens,Jack Stephens FM26 Profile,partial,130,100,100,120,https://fmplayer.net/fm-26/jack-stephens-29071914
Leonidas Stergiou,Leonidas Stergiou FM26 Profile,partial,140,150,150,140,https://fmplayer.net/fm-26/leonidas-stergiou-84154025
Finley Stevens,Finley Burns FM26 Profile,first_result,120,80,90,110,https://fmplayer.net/fm-26/finley-burns-28126244
Ross Stewart,Ross Stewart FM26 Profile,partial,140,120,120,140,https://fmplayer.net/fm-26/ross-stewart-61078701
Angelo Stiller,Angelo Stiller FM26 Profile,partial,160,110,120,150,https://fmplayer.net/fm-26/angelo-stiller-91184426
Kevin Stöger,Kevin Stöger FM26 Profile,partial,160,100,110,160,https://fmplayer.net/fm-26/kevin-stoger-92012093
Petar Stojanović,Petar Stojanović FM26 Profile,partial,130,130,130,140,https://fmplayer.net/fm-26/petar-stojanovic-62083371
Jørgen Strand Larsen,Jørgen Strand Larsen FM26 Profile,partial,130,140,120,150,https://fmplayer.net/fm-26/jorgen-strand-larsen-53143395
Cristhian Stuani,Cristhian Stuani FM26 Profile,partial,110,100,100,140,https://fmplayer.net/fm-26/cristhian-stuani-78000806
Álex Suárez,Álex Suárez FM26 Profile,partial,150,130,110,170,https://fmplayer.net/fm-26/alex-suarez-67245889
Denis Suárez,Denis Suárez FM26 Profile,partial,100,100,90,120,https://fmplayer.net/fm-26/denis-suarez-67107819
Gabriel Suazo,Gabriel Suazo FM26 Profile,partial,150,140,140,130,https://fmplayer.net/fm-26/gabriel-suazo-75037990
Luka Sučić,Luka Sučić FM26 Profile,partial,130,150,150,130,https://fmplayer.net/fm-26/luka-sucic-16254093
Niklas Süle,Niklas Süle FM26 Profile,partial,120,160,110,120,https://fmplayer.net/fm-26/niklas-sule-91107360
Ibrahim Sulemana,Ibrahim Sulemana FM26 Profile,partial,140,130,140,140,https://fmplayer.net/fm-26/ibrahim-sulemana-2000205565
Mattias Svanberg,Mattias Svanberg FM26 Profile,partial,150,150,130,140,https://fmplayer.net/fm-26/mattias-svanberg-93065023
Marin Šverko,Marin Šverko FM26 Profile,partial,150,120,120,120,https://fmplayer.net/fm-26/marin-sverko-92084893
Michael Svoboda,Michael Svoboda FM26 Profile,partial,120,130,120,110,https://fmplayer.net/fm-26/michael-svoboda-16195051
Abakar Sylla,Abakar Sylla FM26 Profile,partial,140,150,140,140,https://fmplayer.net/fm-26/abakar-sylla-12094339
Issiaga Sylla,Issiaga Sylla FM26 Profile,partial,140,120,120,150,https://fmplayer.net/fm-26/issiaga-sylla-85125565
Dominik Szoboszlai,Dominik Szoboszlai FM26 Profile,partial,170,170,140,170,https://fmplayer.net/fm-26/dominik-szoboszlai-16202373
Alexander Sørloth,Alexander Sørloth FM26 Profile,partial,150,150,130,140,https://fmplayer.net/fm-26/alexander-sorloth-53063430
Haris Tabakovic,Haris Tabaković FM26 Profile,first_result,130,130,110,130,https://fmplayer.net/fm-26/haris-tabakovic-98029083
Nicolás Tagliafico,Nicolás Tagliafico FM26 Profile,partial,140,110,110,170,https://fmplayer.net/fm-26/nicolas-tagliafico-14008030
Jonathan Tah,Jonathan Tah FM26 Profile,partial,120,160,120,140,https://fmplayer.net/fm-26/jonathan-tah-91119700
Edmond Tapsoba,Edmond Tapsoba FM26 Profile,partial,140,140,130,120,https://fmplayer.net/fm-26/edmond-tapsoba-13196616
Florian Tardieu,Florian Tardieu FM26 Profile,partial,150,100,100,150,https://fmplayer.net/fm-26/florian-tardieu-85116899
Mehdi Taremi,Mehdi Taremi FM26 Profile,partial,130,130,120,150,https://fmplayer.net/fm-26/mehdi-taremi-23127918
Matt Targett,Matthew Targett FM26 Profile,first_result,140,130,130,140,https://fmplayer.net/fm-26/matthew-targett-28084863
Oussama Targhalline,Oussama Targhalline FM26 Profile,partial,150,130,120,130,https://fmplayer.net/fm-26/oussama-targhalline-2000045698
James Tarkowski,James Tarkowski FM26 Profile,partial,130,130,120,150,https://fmplayer.net/fm-26/james-tarkowski-29055569
César Tárrega,César Tárrega FM26 Profile,partial,140,110,100,160,https://fmplayer.net/fm-26/cesar-tarrega-67295021
Nuno Tavares,Nuno Tavares FM26 Profile,partial,110,170,170,120,https://fmplayer.net/fm-26/nuno-tavares-83169864
Charlie Taylor,Charlie Taylor FM26 Profile,partial,140,100,100,140,https://fmplayer.net/fm-26/charlie-taylor-28059140
Jack Taylor,Jack Taylor FM26 Profile,partial,150,120,130,160,https://fmplayer.net/fm-26/jack-taylor-95031615
Enzo Tchato,Enzo Tchato FM26 Profile,partial,120,160,130,120,https://fmplayer.net/fm-26/enzo-tchato-49061872
Mathys Tel,Mathys Tel FM26 Profile,partial,130,150,150,140,https://fmplayer.net/fm-26/mathys-tel-2000104850
Nahuel Tenaglia,Nahuel Tenaglia FM26 Profile,partial,140,140,140,150,https://fmplayer.net/fm-26/nahuel-tenaglia-14153906
Casper Tengstedt,Casper Tengstedt FM26 Profile,partial,150,130,130,140,https://fmplayer.net/fm-26/casper-tengstedt-27129143
Tanner Tessmann,Tanner Tessmann FM26 Profile,partial,150,110,110,120,https://fmplayer.net/fm-26/tanner-tessmann-2000015818
Kenny Tete,Kenny Tete FM26 Profile,partial,150,140,150,160,https://fmplayer.net/fm-26/kenny-tete-37039829
Teddy Teuma,Teddy Teuma FM26 Profile,partial,140,110,110,140,https://fmplayer.net/fm-26/teddy-teuma-49033030
Jordan Teze,Jordan Teze FM26 Profile,partial,150,140,140,140,https://fmplayer.net/fm-26/jordan-teze-37058008
Arthur Theate,Arthur Theate FM26 Profile,partial,130,130,130,180,https://fmplayer.net/fm-26/arthur-theate-18105815
Norman Theuerkauf,Jakob Theuerkauf FM26 Profile,first_result,50,50,80,80,https://fmplayer.net/fm-26/jakob-theuerkauf-2000310692
Malick Thiaw,Malick Thiaw FM26 Profile,partial,140,140,110,130,https://fmplayer.net/fm-26/malick-thiaw-91206164
Denis Thomalla,Denis Thomalla FM26 Profile,partial,130,120,110,120,https://fmplayer.net/fm-26/denis-thomalla-91016677
Luke Thomas,Luke Thomas FM26 Profile,partial,160,120,110,160,https://fmplayer.net/fm-26/luke-thomas-28117365
Adrien Thomasson,Adrien Thomasson FM26 Profile,partial,140,130,130,160,https://fmplayer.net/fm-26/adrien-thomasson-85128018
Khéphren Thuram,Khéphren Thuram FM26 Profile,partial,150,150,140,150,https://fmplayer.net/fm-26/khephren-thuram-49038952
Marcus Thuram,Marcus Thuram FM26 Profile,partial,140,170,170,140,https://fmplayer.net/fm-26/marcus-thuram-48037335
Cheikh Tidiane Niasse,Cheikh Niasse FM26 Profile,first_result,140,130,130,150,https://fmplayer.net/fm-26/cheikh-niasse-49038255
Youri Tielemans,Youri Tielemans FM26 Profile,partial,120,120,120,130,https://fmplayer.net/fm-26/youri-tielemans-18077264
Phillip Tietz,Phillip Tietz FM26 Profile,partial,140,130,120,180,https://fmplayer.net/fm-26/phillip-tietz-91182877
Jurriën Timber,Jurriën Timber FM26 Profile,partial,140,150,140,150,https://fmplayer.net/fm-26/jurrien-timber-37063644
Jean-Clair Todibo,Jean-Philippe Mateta FM26 Profile,first_result,140,150,150,140,https://fmplayer.net/fm-26/jean-philippe-mateta-49034219
Harry Toffolo,Harry Toffolo FM26 Profile,partial,150,120,130,130,https://fmplayer.net/fm-26/harry-toffolo-29079834
Corentin Tolisso,Corentin Tolisso FM26 Profile,partial,120,110,110,130,https://fmplayer.net/fm-26/corentin-tolisso-29114971
Rafael Tolói,Rafael Toloi FM26 Profile,first_result,110,110,110,160,https://fmplayer.net/fm-26/rafael-toloi-19052922
Takehiro Tomiyasu,Takehiro Tomiyasu FM26 Profile,partial,140,130,130,160,https://fmplayer.net/fm-26/takehiro-tomiyasu-45095490
Fikayo Tomori,Fikayo Tomori FM26 Profile,partial,160,160,160,140,https://fmplayer.net/fm-26/fikayo-tomori-28097980
Sandro Tonali,Sandro Tonali FM26 Profile,partial,170,140,130,190,https://fmplayer.net/fm-26/sandro-tonali-43298481
Luka Topalović,Luka Topalović FM26 Profile,partial,130,110,120,110,https://fmplayer.net/fm-26/luka-topalovic-2000264561
David Torres,David Torres FM26 Profile,partial,110,90,110,110,https://fmplayer.net/fm-26/david-torres-2000065657
Pau Torres,Pau Torres FM26 Profile,partial,160,140,120,150,https://fmplayer.net/fm-26/pau-torres-67217522
Lucas Torró,Lucas Torró FM26 Profile,partial,140,100,100,130,https://fmplayer.net/fm-26/lucas-torro-67158501
Lorenzo Tosto,Lorenzo Tosto FM26 Profile,partial,110,110,120,90,https://fmplayer.net/fm-26/lorenzo-tosto-2000184816
Abdoulaye Touré,Abdoulaye Touré FM26 Profile,partial,140,120,120,140,https://fmplayer.net/fm-26/abdoulaye-toure-85075621
Ousmane Toure,Ousmane Touré FM26 Profile,first_result,90,120,120,110,https://fmplayer.net/fm-26/ousmane-toure-2000129410
Souleymane Touré,Souleymane Touré FM26 Profile,partial,90,130,130,70,https://fmplayer.net/fm-26/souleymane-toure-2000010106
Lucas Tousart,Lucas Tousart FM26 Profile,partial,170,130,120,180,https://fmplayer.net/fm-26/lucas-tousart-48034210
Conor Townsend,Conor Townsend FM26 Profile,partial,150,120,120,140,https://fmplayer.net/fm-26/conor-townsend-28051665
Boubacar Traoré,Boubacar Traoré FM26 Profile,partial,130,120,120,150,https://fmplayer.net/fm-26/boubacar-traore-12083693
Hamari Traoré,Hamari Traoré FM26 Profile,partial,170,150,150,160,https://fmplayer.net/fm-26/hamari-traore-30035411
Omar Traoré,Omar Traoré FM26 Profile,partial,140,160,150,140,https://fmplayer.net/fm-26/omar-traore-91193999
Óscar Trejo,Óscar Trejo FM26 Profile,partial,110,90,90,130,https://fmplayer.net/fm-26/oscar-trejo-958318
Ryan Trevitt,Ryan Trevitt FM26 Profile,partial,130,120,120,140,https://fmplayer.net/fm-26/ryan-trevitt-2000077039
Kieran Trippier,Kieran Trippier FM26 Profile,partial,160,120,120,170,https://fmplayer.net/fm-26/kieran-trippier-28018613
Leandro Trossard,Leandro Trossard FM26 Profile,partial,130,140,160,140,https://fmplayer.net/fm-26/leandro-trossard-18054004
Kostas Tsimikas,Kostas Tsimikas FM26 Profile,partial,150,160,150,150,https://fmplayer.net/fm-26/kostas-tsimikas-36096824
Axel Tuanzebe,Axel Tuanzebe FM26 Profile,partial,120,160,150,130,https://fmplayer.net/fm-26/axel-tuanzebe-28100269
Beñat Turrientes,Beñat Turrientes FM26 Profile,partial,120,150,150,150,https://fmplayer.net/fm-26/benat-turrientes-67276474
Destiny Udogie,Destiny Udogie FM26 Profile,partial,160,160,160,150,https://fmplayer.net/fm-26/destiny-udogie-43426047
Manuel Ugarte Ribeiro,Manuel Ugarte FM26 Profile,first_result,160,130,130,170,https://fmplayer.net/fm-26/manuel-ugarte-78084541
Lesley Ugochukwu,Lesley Ugochukwu FM26 Profile,partial,140,120,120,140,https://fmplayer.net/fm-26/lesley-ugochukwu-2000006186
Lukas Ullrich,Lukas Ullrich FM26 Profile,partial,140,140,140,130,https://fmplayer.net/fm-26/lukas-ullrich-2000154596
Dayot Upamecano,Dayot Upamecano FM26 Profile,partial,130,160,150,160,https://fmplayer.net/fm-26/dayot-upamecano-16182894
Kacper Urbanski,Kacper Urbański FM26 Profile,first_result,130,110,110,130,https://fmplayer.net/fm-26/kacper-urbanski-96161950
Lautaro Valenti,Lautaro Valenti FM26 Profile,partial,140,130,130,130,https://fmplayer.net/fm-26/lautaro-valenti-14185196
Óscar Valentín,Óscar Valentín FM26 Profile,partial,160,110,110,160,https://fmplayer.net/fm-26/oscar-valentin-67213714
Nicolás Valentini,Nicolás Valentini FM26 Profile,partial,140,130,140,140,https://fmplayer.net/fm-26/nicolas-valentini-14241918
Germán Valera,Germán Valera FM26 Profile,partial,110,160,150,80,https://fmplayer.net/fm-26/german-valera-67278144
Emanuele Valeri,Emanuele Valeri FM26 Profile,partial,150,140,140,120,https://fmplayer.net/fm-26/emanuele-valeri-43315140
Martin Valjent,Martin Valjent FM26 Profile,partial,140,130,120,150,https://fmplayer.net/fm-26/martin-valjent-43143925
Álex Valle,Álex Valle FM26 Profile,partial,150,140,150,120,https://fmplayer.net/fm-26/alex-valle-2000082098
Jesús Vallejo,Jesús Vallejo FM26 Profile,partial,120,130,110,100,https://fmplayer.net/fm-26/jesus-vallejo-67192921
Mattia Valoti,Mattia Valoti FM26 Profile,partial,120,120,120,130,https://fmplayer.net/fm-26/mattia-valoti-43050913
Ignace Van Der Brempt,Ignace Van Der Brempt FM26 Profile,partial,140,140,140,150,https://fmplayer.net/fm-26/ignace-van-der-brempt-18110809
Virgil van Dijk,Virgil van Dijk FM26 Profile,partial,150,150,140,150,https://fmplayer.net/fm-26/virgil-van-dijk-37024025
Vanderson,Vanderson FM26 Profile,partial,150,150,150,130,https://fmplayer.net/fm-26/vanderson-19409448
Jamie Vardy,Jamie Vardy FM26 Profile,partial,110,130,140,140,https://fmplayer.net/fm-26/jamie-vardy-90008752
Johan Vásquez,Johan Felipe Vásquez FM26 Profile,first_result,140,120,140,140,https://fmplayer.net/fm-26/johan-felipe-vasquez-51067636
Denis Vavro,Denis Vavro FM26 Profile,partial,120,150,120,160,https://fmplayer.net/fm-26/denis-vavro-63025710
José Luis García Vayá,Vayanga Doumbia FM26 Profile,first_result,150,80,90,130,https://fmplayer.net/fm-26/vayanga-doumbia-12095083
Robinio Vaz,Robinio Vaz FM26 Profile,partial,100,150,150,130,https://fmplayer.net/fm-26/robinio-vaz-2000290881
Jesus Vazquez,Jesús Vázquez FM26 Profile,first_result,130,140,140,140,https://fmplayer.net/fm-26/jesus-vazquez-95078288
Lucas Vázquez,Lucas Vázquez FM26 Profile,partial,150,130,140,160,https://fmplayer.net/fm-26/lucas-vazquez-67135344
Matías Vecino,Matías Vecino FM26 Profile,partial,120,100,100,140,https://fmplayer.net/fm-26/matias-vecino-78040720
Danilo Veiga,Danilo Veiga FM26 Profile,partial,140,130,140,130,https://fmplayer.net/fm-26/danilo-veiga-83261126
Alejo Véliz,Alejo Veliz FM26 Profile,first_result,130,120,130,140,https://fmplayer.net/fm-26/alejo-veliz-2000096330
Miloš Veljković,Miloš Veljković FM26 Profile,partial,130,110,90,120,https://fmplayer.net/fm-26/milos-veljkovic-28070894
Joël Veltman,Joël Veltman FM26 Profile,partial,140,110,120,140,https://fmplayer.net/fm-26/joel-veltman-37024733
Micky van de Ven,Micky van de Ven FM26 Profile,partial,130,200,160,150,https://fmplayer.net/fm-26/micky-van-de-ven-37084591
Jordan Veretout,Jordan Veretout FM26 Profile,partial,150,100,120,140,https://fmplayer.net/fm-26/jordan-veretout-85052016
Arthur Vermeeren,Arthur Vermeeren FM26 Profile,partial,170,120,120,160,https://fmplayer.net/fm-26/arthur-vermeeren-2000127465
Mikel Vesga,Mikel Vesga FM26 Profile,partial,120,120,130,150,https://fmplayer.net/fm-26/mikel-vesga-67195855
Jannik Vestergaard,Jannik Vestergaard FM26 Profile,partial,130,80,70,130,https://fmplayer.net/fm-26/jannik-vestergaard-27013431
Ben Viadere,Ben Viadère FM26 Profile,first_result,100,130,90,90,https://fmplayer.net/fm-26/ben-viadere-2000288683
Pau Victor,Pau Víctor FM26 Profile,first_result,110,140,130,110,https://fmplayer.net/fm-26/pau-victor-2000062523
Nacho Vidal,Nacho Vidal FM26 Profile,partial,150,140,140,140,https://fmplayer.net/fm-26/nacho-vidal-67184889
Gabriel Vidovic,Gabriel Vidović FM26 Profile,first_result,130,120,120,110,https://fmplayer.net/fm-26/gabriel-vidovic-2000065728
Sergio Viera,Sergio Viera FM26 Profile,partial,80,80,70,130,https://fmplayer.net/fm-26/sergio-viera-2000386673
Samuele Vignato,Samuele Vignato FM26 Profile,partial,120,140,140,110,https://fmplayer.net/fm-26/samuele-vignato-2000021407
Asier Villalibre,Asier Villalibre FM26 Profile,partial,140,110,110,160,https://fmplayer.net/fm-26/asier-villalibre-67195730
Viti,Vitinha FM26 Profile,partial,180,130,130,160,https://fmplayer.net/fm-26/vitinha-83174762
Mattia Viti,Mattia Viti FM26 Profile,partial,140,130,120,140,https://fmplayer.net/fm-26/mattia-viti-43426109
Daniel Vivian,Dani Vivian FM26 Profile,first_result,150,140,140,140,https://fmplayer.net/fm-26/dani-vivian-67256618
Dušan Vlahović,Dušan Vlahović FM26 Profile,partial,160,150,140,140,https://fmplayer.net/fm-26/dusan-vlahovic-62182055
Alessandro Vogliacco,Alessandro Vogliacco FM26 Profile,partial,140,130,140,120,https://fmplayer.net/fm-26/alessandro-vogliacco-43204399
Kevin Vogt,Kevin Vogt FM26 Profile,partial,120,130,110,120,https://fmplayer.net/fm-26/kevin-vogt-91004433
Mërgim Vojvoda,Mërgim Vojvoda FM26 Profile,partial,140,130,130,130,https://fmplayer.net/fm-26/mergim-vojvoda-18086509
Aster Vranckx,Aster Vranckx FM26 Profile,partial,160,110,120,140,https://fmplayer.net/fm-26/aster-vranckx-18113140
Stefan de Vrij,Stefan de Vrij FM26 Profile,partial,130,120,120,140,https://fmplayer.net/fm-26/stefan-de-vrij-37001814
Robert Wagner,Robert Wagner FM26 Profile,partial,160,110,120,160,https://fmplayer.net/fm-26/robert-wagner-2000068513
Elye Wahi,Elye Wahi FM26 Profile,partial,120,160,150,120,https://fmplayer.net/fm-26/elye-wahi-49061868
Hauke Wahl,Hauke Wahl FM26 Profile,partial,150,120,110,130,https://fmplayer.net/fm-26/hauke-wahl-92064816
Kyle Walker,Kyle Walker FM26 Profile,partial,170,160,140,140,https://fmplayer.net/fm-26/kyle-walker-28009441
Kyle Walker-Peters,Kyle Walker FM26 Profile,first_result,170,160,140,140,https://fmplayer.net/fm-26/kyle-walker-28009441
Sebastian Walukiewicz,Sebastian Walukiewicz FM26 Profile,partial,150,130,120,140,https://fmplayer.net/fm-26/sebastian-walukiewicz-96105337
Aaron Wan-Bissaka,Wan Amirul Afiq Wan Abdul Ra.. FM26 Profile,first_result,130,130,90,90,https://fmplayer.net/fm-26/wan-amirul-afiq-wan-abdul-ra-23258474
Joel Ward,Joel Ward FM26 Profile,partial,110,100,80,140,https://fmplayer.net/fm-26/joel-ward-28004100
James Ward-Prowse,Jayde James-Ward FM26 Profile,first_result,100,110,120,60,https://fmplayer.net/fm-26/jayde-james-ward-2000008452
Kjell-Arik Wätjen,Kjell Wätjen FM26 Profile,first_result,140,130,120,150,https://fmplayer.net/fm-26/kjell-watjen-2000229933
Ollie Watkins,Ollie Watkins FM26 Profile,partial,170,140,150,190,https://fmplayer.net/fm-26/ollie-watkins-29110623
Adam Webster,Adam Webster FM26 Profile,partial,140,140,110,140,https://fmplayer.net/fm-26/adam-webster-29080394
Julian Weigl,Julian Weigl FM26 Profile,partial,160,120,110,120,https://fmplayer.net/fm-26/julian-weigl-91124144
Danny Welbeck,Danny Welbeck FM26 Profile,partial,130,140,130,160,https://fmplayer.net/fm-26/danny-welbeck-28010491
Welington,Welington FM26 Profile,partial,140,150,150,130,https://fmplayer.net/fm-26/welington-19363237
Adam Wharton,Adam Wharton FM26 Profile,partial,130,120,130,150,https://fmplayer.net/fm-26/adam-wharton-2000053516
Ben White,Ben Whiteman FM26 Profile,partial,140,90,90,140,https://fmplayer.net/fm-26/ben-whiteman-29107388
Silvan Widmer,Silvan Widmer FM26 Profile,partial,150,150,130,170,https://fmplayer.net/fm-26/silvan-widmer-98010781
Mateusz Wieteska,Mateusz Wieteska FM26 Profile,partial,130,120,110,130,https://fmplayer.net/fm-26/mateusz-wieteska-96059426
Iñaki Williams,Iñaki Williams FM26 Profile,partial,140,170,170,130,https://fmplayer.net/fm-26/inaki-williams-67184349
Neco Williams,Neco Williams FM26 Profile,partial,140,140,140,150,https://fmplayer.net/fm-26/neco-williams-28115792
Nico Williams,Nico Williams FM26 Profile,partial,140,150,150,150,https://fmplayer.net/fm-26/nico-williams-67276230
Callum Wilson,Callum Wilson FM26 Profile,partial,130,110,130,170,https://fmplayer.net/fm-26/callum-wilson-28030268
Harry Winks,Harry Winks FM26 Profile,partial,140,100,120,150,https://fmplayer.net/fm-26/harry-winks-28088513
Yoane Wissa,Yoane Wissa FM26 Profile,partial,140,140,160,150,https://fmplayer.net/fm-26/yoane-wissa-85140175
Axel Witsel,Axel Witsel FM26 Profile,partial,120,90,90,130,https://fmplayer.net/fm-26/axel-witsel-8169215
Maximilian Wittek,Maximilian Wittek FM26 Profile,partial,130,140,130,160,https://fmplayer.net/fm-26/maximilian-wittek-91124147
Marius Wolf,Marius Wolf FM26 Profile,partial,160,150,140,170,https://fmplayer.net/fm-26/marius-wolf-91124151
Chris Wood,Chris Wood FM26 Profile,partial,150,110,120,150,https://fmplayer.net/fm-26/chris-wood-5108293
Nathan Wood-Gordon,Nathan Wood FM26 Profile,first_result,140,140,120,140,https://fmplayer.net/fm-26/nathan-wood-29216806
Christopher Wooh,Christopher Wooh FM26 Profile,partial,130,130,120,130,https://fmplayer.net/fm-26/christopher-wooh-49048590
Luke Woolfenden,Luke Woolfenden FM26 Profile,partial,130,140,130,120,https://fmplayer.net/fm-26/luke-woolfenden-29156431
Granit Xhaka,Granit Xhaka FM26 Profile,partial,170,120,100,160,https://fmplayer.net/fm-26/granit-xhaka-98003821
Lamine Yamal,Lamine Yamal FM26 Profile,partial,120,150,160,110,https://fmplayer.net/fm-26/lamine-yamal-2000256231
Daniel Yáñez,Daniel Yáñez FM26 Profile,partial,80,130,120,120,https://fmplayer.net/fm-26/daniel-yanez-2000299363
Yehor Yarmoliuk,Yehor Yarmoliuk FM26 Profile,partial,140,130,130,180,https://fmplayer.net/fm-26/yehor-yarmoliuk-71110357
Ryan Yates,Ryan Yates FM26 Profile,partial,160,130,110,160,https://fmplayer.net/fm-26/ryan-yates-29136230
Bertuğ Yıldırım,Bertuğ Yıldırım FM26 Profile,partial,120,140,140,130,https://fmplayer.net/fm-26/bertug-yildirim-70123237
Leny Yoro,Leny Yoro FM26 Profile,partial,140,150,160,130,https://fmplayer.net/fm-26/leny-yoro-2000182819
Ashley Young,Ashley Young FM26 Profile,partial,100,130,130,150,https://fmplayer.net/fm-26/ashley-young-5113149
Etienne Youte Kinkoue,Youte FM26 Profile,first_result,110,120,120,100,https://fmplayer.net/fm-26/youte-49054420
Illia Zabarnyi,Illia Zabarnyi FM26 Profile,partial,150,160,140,140,https://fmplayer.net/fm-26/illia-zabarnyi-71113679
Mattia Zaccagni,Mattia Zaccagni FM26 Profile,partial,110,150,150,130,https://fmplayer.net/fm-26/mattia-zaccagni-43125343
Wilfried Zaha,Wilfried Zaha FM26 Profile,partial,140,140,140,90,https://fmplayer.net/fm-26/wilfried-zaha-28051378
Miha Zajc,Miha Zajc FM26 Profile,partial,140,90,70,150,https://fmplayer.net/fm-26/miha-zajc-62115981
Denis Zakaria,Denis Zakaria FM26 Profile,partial,170,130,150,170,https://fmplayer.net/fm-26/denis-zakaria-98034601
Andre-Frank Zambo Anguissa,André-Franck Zambo Anguissa FM26 Profile,first_result,180,140,140,150,https://fmplayer.net/fm-26/andre-franck-zambo-anguissa-48030711
Francesco Zampano,Francesco Zampano FM26 Profile,partial,140,130,130,140,https://fmplayer.net/fm-26/francesco-zampano-43072156
Nicolò Zaniolo,Nicolò Zaniolo FM26 Profile,partial,140,150,130,100,https://fmplayer.net/fm-26/nicolo-zaniolo-43270517
Duván Zapata,Duván Zapata FM26 Profile,partial,120,130,120,130,https://fmplayer.net/fm-26/duvan-zapata-76014012
Gabriele Zappa,Gabriele Zappa FM26 Profile,partial,140,140,140,140,https://fmplayer.net/fm-26/gabriele-zappa-43272248
Davide Zappacosta,Davide Zappacosta FM26 Profile,partial,140,130,150,150,https://fmplayer.net/fm-26/davide-zappacosta-43061433
Oier Zarraga,Oier Zarraga FM26 Profile,partial,140,120,130,130,https://fmplayer.net/fm-26/oier-zarraga-67260201
David Zec,David Zec FM26 Profile,partial,120,140,110,150,https://fmplayer.net/fm-26/david-zec-62198216
Jordan Zemura,Jordan Zemura FM26 Profile,partial,150,140,160,150,https://fmplayer.net/fm-26/jordan-zemura-29164969
Alessio Zerbin,Alessio Zerbin FM26 Profile,partial,140,130,140,130,https://fmplayer.net/fm-26/alessio-zerbin-43280475
Kevin Zeroli,Kevin Zeroli FM26 Profile,partial,120,140,120,130,https://fmplayer.net/fm-26/kevin-zeroli-2000103118
Cedric Zesiger,Cédric Zesiger FM26 Profile,first_result,130,140,120,140,https://fmplayer.net/fm-26/cedric-zesiger-98035093
Nathan Zeze,Nathan Zeze FM26 Profile,partial,130,140,110,140,https://fmplayer.net/fm-26/nathan-zeze-2000116383
Piotr Zieliński,Piotr Zieliński FM26 Profile,partial,120,130,130,100,https://fmplayer.net/fm-26/piotr-zielinski-43093171
Budu Zivzivadze,Budu Zivzivadze FM26 Profile,partial,110,130,120,130,https://fmplayer.net/fm-26/budu-zivzivadze-59063380
Luck Zogbé,Luck Zogbé FM26 Profile,partial,120,150,140,130,https://fmplayer.net/fm-26/luck-zogbe-12094970
Aristide Zossou,Aristide Zossou FM26 Profile,partial,100,150,130,110,https://fmplayer.net/fm-26/aristide-zossou-2000399513
Igor Zubeldia,Igor Zubeldia FM26 Profile,partial,150,120,120,150,https://fmplayer.net/fm-26/igor-zubeldia-67215898
Martín Zubimendi,Martín Zubimendi FM26 Profile,partial,140,110,120,150,https://fmplayer.net/fm-26/martin-zubimendi-67246385
Edhy Zuliani,Edhy Zuliani FM26 Profile,partial,70,120,140,120,https://fmplayer.net/fm-26/edhy-zuliani-2000184182
Szymon Żurkowski,Szymon Żurkowski FM26 Profile,partial,130,120,120,150,https://fmplayer.net/fm-26/szymon-zurkowski-96110489
Martin Ødegaard,Martin Ødegaard FM26 Profile,partial,150,130,130,150,https://fmplayer.net/fm-26/martin-odegaard-53095137
Milan Đurić,Milan Đurić FM26 Profile,partial,120,110,110,170,https://fmplayer.net/fm-26/milan-duric-43009443
